--
-- PostgreSQL database dump
--

\restrict dIpaT0DNGIBqUkPQsC2W6omD1ZfUmfs3ZEpXcRBbez7kgQgfWmhjMjb6OosCard

-- Dumped from database version 17.6
-- Dumped by pg_dump version 17.7 (Homebrew)

SET statement_timeout = 0;
SET lock_timeout = 0;
SET idle_in_transaction_session_timeout = 0;
SET transaction_timeout = 0;
SET client_encoding = 'UTF8';
SET standard_conforming_strings = on;
SELECT pg_catalog.set_config('search_path', '', false);
SET check_function_bodies = false;
SET xmloption = content;
SET client_min_messages = warning;
SET row_security = off;

--
-- Data for Name: users; Type: TABLE DATA; Schema: auth; Owner: -
--

INSERT INTO auth.users (instance_id, id, aud, role, email, encrypted_password, email_confirmed_at, invited_at, confirmation_token, confirmation_sent_at, recovery_token, recovery_sent_at, email_change_token_new, email_change, email_change_sent_at, last_sign_in_at, raw_app_meta_data, raw_user_meta_data, is_super_admin, created_at, updated_at, phone, phone_confirmed_at, phone_change, phone_change_token, phone_change_sent_at, email_change_token_current, email_change_confirm_status, banned_until, reauthentication_token, reauthentication_sent_at, is_sso_user, deleted_at, is_anonymous) VALUES ('00000000-0000-0000-0000-000000000000', 'a7cb530f-36a7-4534-a7a1-3f424ff91bb9', 'authenticated', 'admin', 'admin@salesdemo.com', '$2a$06$OQET8xShqZvqw5F.RaL7SO1O35kGjPCe6OBT0bfJArU26RNZse0a.', '2025-03-04 23:40:50.312539+00', NULL, '', NULL, '', NULL, '', '', NULL, '2025-03-04 23:40:50.312539+00', NULL, NULL, NULL, '2025-03-04 23:40:50.312539+00', '2025-03-04 23:40:50.312539+00', NULL, NULL, '', '', NULL, '', 0, NULL, '', NULL, false, NULL, false);
INSERT INTO auth.users (instance_id, id, aud, role, email, encrypted_password, email_confirmed_at, invited_at, confirmation_token, confirmation_sent_at, recovery_token, recovery_sent_at, email_change_token_new, email_change, email_change_sent_at, last_sign_in_at, raw_app_meta_data, raw_user_meta_data, is_super_admin, created_at, updated_at, phone, phone_confirmed_at, phone_change, phone_change_token, phone_change_sent_at, email_change_token_current, email_change_confirm_status, banned_until, reauthentication_token, reauthentication_sent_at, is_sso_user, deleted_at, is_anonymous) VALUES ('00000000-0000-0000-0000-000000000000', '4105544a-5b1b-4811-8723-d436bb39f9ec', 'authenticated', 'authenticated', 'nicholasdp@live.co.uk', '$2a$10$L/HXSD7A.Xh3.M869uqIZu/VdlRolYQrKtTsWchsXqwa8IKMmF2NS', '2025-06-26 11:46:54.278657+00', NULL, '', NULL, '', '2025-06-26 12:01:43.033226+00', '', '', NULL, '2025-06-26 12:02:13.329449+00', '{"provider": "email", "providers": ["email"]}', '{"email_verified": true}', NULL, '2025-06-26 11:46:54.269192+00', '2025-06-26 12:02:13.333189+00', NULL, NULL, '', '', NULL, '', 0, NULL, '', NULL, false, NULL, false);
INSERT INTO auth.users (instance_id, id, aud, role, email, encrypted_password, email_confirmed_at, invited_at, confirmation_token, confirmation_sent_at, recovery_token, recovery_sent_at, email_change_token_new, email_change, email_change_sent_at, last_sign_in_at, raw_app_meta_data, raw_user_meta_data, is_super_admin, created_at, updated_at, phone, phone_confirmed_at, phone_change, phone_change_token, phone_change_sent_at, email_change_token_current, email_change_confirm_status, banned_until, reauthentication_token, reauthentication_sent_at, is_sso_user, deleted_at, is_anonymous) VALUES ('00000000-0000-0000-0000-000000000000', 'd07ae8b1-f711-4f5c-bef7-ed562987d38d', 'authenticated', 'authenticated', 'rishirais24@gmail.com', '$2a$10$ZfkIT1mXFC.H.Uf2VH8n7e3ir.lhit488a7A8tr3TU19mOZKmf9Je', '2025-09-02 05:24:29.786611+00', '2025-09-02 05:24:13.509407+00', '', '2025-09-02 05:24:13.509407+00', '', NULL, '', '', NULL, '2026-01-02 07:11:38.141381+00', '{"provider": "email", "providers": ["email"]}', '{"sub": "d07ae8b1-f711-4f5c-bef7-ed562987d38d", "email": "rishirais24@gmail.com", "full_name": "Rishi Rais", "email_verified": true, "phone_verified": false}', NULL, '2025-09-01 10:21:46.702925+00', '2026-01-02 08:15:13.290579+00', NULL, NULL, '', '', NULL, '', 0, NULL, '', NULL, false, NULL, false);
INSERT INTO auth.users (instance_id, id, aud, role, email, encrypted_password, email_confirmed_at, invited_at, confirmation_token, confirmation_sent_at, recovery_token, recovery_sent_at, email_change_token_new, email_change, email_change_sent_at, last_sign_in_at, raw_app_meta_data, raw_user_meta_data, is_super_admin, created_at, updated_at, phone, phone_confirmed_at, phone_change, phone_change_token, phone_change_sent_at, email_change_token_current, email_change_confirm_status, banned_until, reauthentication_token, reauthentication_sent_at, is_sso_user, deleted_at, is_anonymous) VALUES ('00000000-0000-0000-0000-000000000000', 'bf9c3ec4-70ba-43aa-95d9-4308898b60dc', 'authenticated', 'authenticated', 'james.lord@sixtyseconds.video', '$2a$10$nFiyyg0X64geR6bP4I2GlO2l2pI3BzGfjTGgdeJFZn7tFGYeijWIe', '2025-04-03 11:31:35.83798+00', NULL, '', NULL, '', NULL, '', '', NULL, '2025-04-03 11:31:35.842389+00', '{"provider": "email", "providers": ["email"]}', '{"sub": "bf9c3ec4-70ba-43aa-95d9-4308898b60dc", "email": "james.lord@sixtyseconds.video", "full_name": "James Lord", "email_verified": true, "phone_verified": false}', NULL, '2025-04-03 11:31:35.820445+00', '2025-07-01 11:20:18.408958+00', NULL, NULL, '', '', NULL, '', 0, NULL, '', NULL, false, NULL, false);
INSERT INTO auth.users (instance_id, id, aud, role, email, encrypted_password, email_confirmed_at, invited_at, confirmation_token, confirmation_sent_at, recovery_token, recovery_sent_at, email_change_token_new, email_change, email_change_sent_at, last_sign_in_at, raw_app_meta_data, raw_user_meta_data, is_super_admin, created_at, updated_at, phone, phone_confirmed_at, phone_change, phone_change_token, phone_change_sent_at, email_change_token_current, email_change_confirm_status, banned_until, reauthentication_token, reauthentication_sent_at, is_sso_user, deleted_at, is_anonymous) VALUES ('00000000-0000-0000-0000-000000000000', '0069cfdb-dd87-4ea2-93d5-fd87dba36885', 'authenticated', 'authenticated', 'nick@sixtyseconds.video', '$2a$10$ofPcZRyRMsUS7TR/wkWQ9eIFJabBRTgNDvgVYIA0YdUf6pqOaDUWO', '2025-05-02 08:54:45.197545+00', NULL, '', NULL, '', NULL, '', '', NULL, '2025-05-02 09:08:17.329384+00', '{"provider": "email", "providers": ["email"]}', '{"sub": "0069cfdb-dd87-4ea2-93d5-fd87dba36885", "email": "nick@sixtyseconds.video", "full_name": "Nick du Preez", "email_verified": true, "phone_verified": false}', NULL, '2025-05-02 08:54:45.183781+00', '2025-05-02 09:08:17.332141+00', NULL, NULL, '', '', NULL, '', 0, NULL, '', NULL, false, NULL, false);
INSERT INTO auth.users (instance_id, id, aud, role, email, encrypted_password, email_confirmed_at, invited_at, confirmation_token, confirmation_sent_at, recovery_token, recovery_sent_at, email_change_token_new, email_change, email_change_sent_at, last_sign_in_at, raw_app_meta_data, raw_user_meta_data, is_super_admin, created_at, updated_at, phone, phone_confirmed_at, phone_change, phone_change_token, phone_change_sent_at, email_change_token_current, email_change_confirm_status, banned_until, reauthentication_token, reauthentication_sent_at, is_sso_user, deleted_at, is_anonymous) VALUES ('00000000-0000-0000-0000-000000000000', 'e4bb01b1-51ea-425a-ac74-0e5b5fd585c1', 'authenticated', 'authenticated', 'steve.gibson@sixtyseconds.video', '$2a$10$mKN/y7NxOI3Uo9594AS8y.46PDKHQ/V3ieXJUhWZGESJgbqduXjze', '2025-01-27 15:58:03.019302+00', NULL, '', NULL, '', NULL, '', '', NULL, '2025-09-02 09:49:49.422922+00', '{"provider": "email", "providers": ["email"]}', '{"sub": "e4bb01b1-51ea-425a-ac74-0e5b5fd585c1", "email": "steve.gibson@sixtyseconds.video", "full_name": "Steve  Gibson", "email_verified": true, "phone_verified": false}', NULL, '2025-01-27 15:58:03.012084+00', '2025-09-16 14:29:23.10968+00', NULL, NULL, '', '', NULL, '', 0, NULL, '', NULL, false, NULL, false);
INSERT INTO auth.users (instance_id, id, aud, role, email, encrypted_password, email_confirmed_at, invited_at, confirmation_token, confirmation_sent_at, recovery_token, recovery_sent_at, email_change_token_new, email_change, email_change_sent_at, last_sign_in_at, raw_app_meta_data, raw_user_meta_data, is_super_admin, created_at, updated_at, phone, phone_confirmed_at, phone_change, phone_change_token, phone_change_sent_at, email_change_token_current, email_change_confirm_status, banned_until, reauthentication_token, reauthentication_sent_at, is_sso_user, deleted_at, is_anonymous) VALUES ('00000000-0000-0000-0000-000000000000', 'aed1dd89-116a-4ce8-a0a9-e0cb6a8b3ea0', 'authenticated', 'authenticated', 'playwright.test@gmail.com', '$2a$10$XYWSLwleVf4HtfLISgo9G.d63GhPviMsnukgl0scCkwy788exwJjK', NULL, NULL, '8b6a6282aa4c2e89d0fa3a83e023d4ccd499bf1037795a951aa91e24', '2025-09-04 11:01:55.262+00', '', NULL, '', '', NULL, NULL, '{"provider": "email", "providers": ["email"]}', '{"sub": "aed1dd89-116a-4ce8-a0a9-e0cb6a8b3ea0", "email": "playwright.test@gmail.com", "last_name": "Test", "first_name": "Playwright", "email_verified": false, "phone_verified": false}', NULL, '2025-09-04 11:01:55.255853+00', '2025-09-04 11:01:56.625099+00', NULL, NULL, '', '', NULL, '', 0, NULL, '', NULL, false, NULL, false);
INSERT INTO auth.users (instance_id, id, aud, role, email, encrypted_password, email_confirmed_at, invited_at, confirmation_token, confirmation_sent_at, recovery_token, recovery_sent_at, email_change_token_new, email_change, email_change_sent_at, last_sign_in_at, raw_app_meta_data, raw_user_meta_data, is_super_admin, created_at, updated_at, phone, phone_confirmed_at, phone_change, phone_change_token, phone_change_sent_at, email_change_token_current, email_change_confirm_status, banned_until, reauthentication_token, reauthentication_sent_at, is_sso_user, deleted_at, is_anonymous) VALUES ('00000000-0000-0000-0000-000000000000', 'a3dfd2e5-7882-4158-9610-468edabd9abd', 'authenticated', 'authenticated', 'nickdupreez139@gmail.com', '$2a$10$u6jPUxfZKaj8.KlL8U8nVO6DuziPnYbskqBKisMZOLY5TtPdnOK1e', '2025-06-26 11:39:03.431544+00', NULL, '', NULL, '', '2025-06-26 11:44:52.157631+00', '', '', NULL, '2025-06-26 11:45:19.150384+00', '{"provider": "email", "providers": ["email"]}', '{"sub": "a3dfd2e5-7882-4158-9610-468edabd9abd", "email": "nickdupreez139@gmail.com", "full_name": "test test", "email_verified": true, "phone_verified": false}', NULL, '2025-06-26 11:39:03.41719+00', '2025-06-26 11:45:19.153545+00', NULL, NULL, '', '', NULL, '', 0, NULL, '', NULL, false, NULL, false);
INSERT INTO auth.users (instance_id, id, aud, role, email, encrypted_password, email_confirmed_at, invited_at, confirmation_token, confirmation_sent_at, recovery_token, recovery_sent_at, email_change_token_new, email_change, email_change_sent_at, last_sign_in_at, raw_app_meta_data, raw_user_meta_data, is_super_admin, created_at, updated_at, phone, phone_confirmed_at, phone_change, phone_change_token, phone_change_sent_at, email_change_token_current, email_change_confirm_status, banned_until, reauthentication_token, reauthentication_sent_at, is_sso_user, deleted_at, is_anonymous) VALUES ('00000000-0000-0000-0000-000000000000', '8784f557-2a15-46a2-808e-cef5ca2bbe25', 'authenticated', 'authenticated', 'test@playwright.local', '$2a$10$ZWEfMA/YSPfb38AdRkzj2eZ/wb5xgMuH9vqrQ4pZvSrK3EZO.P41m', '2025-09-01 18:38:42.715076+00', NULL, '', NULL, '', NULL, '', '', NULL, '2025-09-13 21:45:10.667886+00', '{"provider": "email", "providers": ["email"]}', '{"is_admin": true, "full_name": "Test User (Playwright)", "email_verified": true}', NULL, '2025-09-01 18:38:42.704821+00', '2025-11-14 11:08:14.750667+00', NULL, NULL, '', '', NULL, '', 0, NULL, '', NULL, false, NULL, false);
INSERT INTO auth.users (instance_id, id, aud, role, email, encrypted_password, email_confirmed_at, invited_at, confirmation_token, confirmation_sent_at, recovery_token, recovery_sent_at, email_change_token_new, email_change, email_change_sent_at, last_sign_in_at, raw_app_meta_data, raw_user_meta_data, is_super_admin, created_at, updated_at, phone, phone_confirmed_at, phone_change, phone_change_token, phone_change_sent_at, email_change_token_current, email_change_confirm_status, banned_until, reauthentication_token, reauthentication_sent_at, is_sso_user, deleted_at, is_anonymous) VALUES ('00000000-0000-0000-0000-000000000000', 'a6b9b591-4036-42a8-be7e-8397f9f3f1f4', 'authenticated', 'authenticated', 'brycey23@icloud.com', '$2a$10$ZxIkFeb.JOsVM/wtQDLGNecd/o6BCh/nIbvwpscdNLUeKveEhJzxu', '2025-11-27 16:30:23.215936+00', NULL, '', '2025-11-27 16:27:52.801525+00', '', NULL, '', '', NULL, '2025-11-27 16:30:23.223166+00', '{"provider": "email", "providers": ["email"]}', '{"sub": "a6b9b591-4036-42a8-be7e-8397f9f3f1f4", "email": "brycey23@icloud.com", "full_name": "Andrew Bryce", "email_verified": true, "phone_verified": false, "organization_name": "Sixtytest"}', NULL, '2025-11-27 16:27:52.786987+00', '2025-11-27 16:30:23.226741+00', NULL, NULL, '', '', NULL, '', 0, NULL, '', NULL, false, NULL, false);
INSERT INTO auth.users (instance_id, id, aud, role, email, encrypted_password, email_confirmed_at, invited_at, confirmation_token, confirmation_sent_at, recovery_token, recovery_sent_at, email_change_token_new, email_change, email_change_sent_at, last_sign_in_at, raw_app_meta_data, raw_user_meta_data, is_super_admin, created_at, updated_at, phone, phone_confirmed_at, phone_change, phone_change_token, phone_change_sent_at, email_change_token_current, email_change_confirm_status, banned_until, reauthentication_token, reauthentication_sent_at, is_sso_user, deleted_at, is_anonymous) VALUES ('00000000-0000-0000-0000-000000000000', '97940fa0-85fb-4838-85c0-3ca8cfbcd0dd', 'authenticated', 'authenticated', 'andrew+2@sixtyseconds.video', '$2a$10$J1JhwpBzwtvsThoaL..4XeVqGG4V8A1X2wkvgzGtVEs3Tg1zprJWK', '2025-11-27 17:43:57.258175+00', NULL, '', '2025-11-27 17:43:31.604408+00', '', NULL, '', '', NULL, '2025-11-27 17:43:57.264738+00', '{"provider": "email", "providers": ["email"]}', '{"sub": "97940fa0-85fb-4838-85c0-3ca8cfbcd0dd", "email": "andrew+2@sixtyseconds.video", "full_name": "andrew bryce", "last_name": "bryce", "first_name": "andrew", "email_verified": true, "phone_verified": false}', NULL, '2025-11-27 17:43:31.590042+00', '2025-11-27 17:43:57.267527+00', NULL, NULL, '', '', NULL, '', 0, NULL, '', NULL, false, NULL, false);
INSERT INTO auth.users (instance_id, id, aud, role, email, encrypted_password, email_confirmed_at, invited_at, confirmation_token, confirmation_sent_at, recovery_token, recovery_sent_at, email_change_token_new, email_change, email_change_sent_at, last_sign_in_at, raw_app_meta_data, raw_user_meta_data, is_super_admin, created_at, updated_at, phone, phone_confirmed_at, phone_change, phone_change_token, phone_change_sent_at, email_change_token_current, email_change_confirm_status, banned_until, reauthentication_token, reauthentication_sent_at, is_sso_user, deleted_at, is_anonymous) VALUES ('00000000-0000-0000-0000-000000000000', '757b1991-f242-4cda-9e46-581a101fc822', 'authenticated', 'authenticated', 'andrew@sixtyseconds.video', '$2a$10$OBUo59MPBuvoLf82jKuyNeNy9zkFAul8.4M90eh3Ge668zHVUffAu', '2025-11-27 16:44:28.227357+00', NULL, '', '2025-11-27 16:44:09.429741+00', '', NULL, '', '', NULL, '2025-11-27 16:44:28.233864+00', '{"provider": "email", "providers": ["email"]}', '{"sub": "757b1991-f242-4cda-9e46-581a101fc822", "email": "andrew@sixtyseconds.video", "full_name": "Andrew Bryce", "email_verified": true, "phone_verified": false, "organization_name": "Sixty Test"}', NULL, '2025-11-27 15:41:46.559799+00', '2025-11-27 16:44:28.241325+00', NULL, NULL, '', '', NULL, '', 0, NULL, '', NULL, false, NULL, false);
INSERT INTO auth.users (instance_id, id, aud, role, email, encrypted_password, email_confirmed_at, invited_at, confirmation_token, confirmation_sent_at, recovery_token, recovery_sent_at, email_change_token_new, email_change, email_change_sent_at, last_sign_in_at, raw_app_meta_data, raw_user_meta_data, is_super_admin, created_at, updated_at, phone, phone_confirmed_at, phone_change, phone_change_token, phone_change_sent_at, email_change_token_current, email_change_confirm_status, banned_until, reauthentication_token, reauthentication_sent_at, is_sso_user, deleted_at, is_anonymous) VALUES ('00000000-0000-0000-0000-000000000000', '475bdb05-01ea-4a16-b9fc-96414e2f521a', 'authenticated', 'authenticated', 'andrew+3@sixtyseconds.video', '$2a$10$tySzSU3tPGXjSxJ6HfTzl..C0R5J6Ph/X8aS.kaASeJtglrOY/GP2', '2025-11-27 17:59:32.887053+00', NULL, '', '2025-11-27 17:58:54.972292+00', '', NULL, '', '', NULL, '2025-11-27 17:59:32.890314+00', '{"provider": "email", "providers": ["email"]}', '{"sub": "475bdb05-01ea-4a16-b9fc-96414e2f521a", "email": "andrew+3@sixtyseconds.video", "full_name": "Andrew Bryce", "last_name": "Bryce", "first_name": "Andrew", "email_verified": true, "phone_verified": false}', NULL, '2025-11-27 17:58:54.961812+00', '2025-11-27 17:59:32.892247+00', NULL, NULL, '', '', NULL, '', 0, NULL, '', NULL, false, NULL, false);
INSERT INTO auth.users (instance_id, id, aud, role, email, encrypted_password, email_confirmed_at, invited_at, confirmation_token, confirmation_sent_at, recovery_token, recovery_sent_at, email_change_token_new, email_change, email_change_sent_at, last_sign_in_at, raw_app_meta_data, raw_user_meta_data, is_super_admin, created_at, updated_at, phone, phone_confirmed_at, phone_change, phone_change_token, phone_change_sent_at, email_change_token_current, email_change_confirm_status, banned_until, reauthentication_token, reauthentication_sent_at, is_sso_user, deleted_at, is_anonymous) VALUES ('00000000-0000-0000-0000-000000000000', '827507ec-b9f9-4667-b02e-dbacb7a549bb', 'authenticated', 'authenticated', 'andrew+1@sixtyseconds.video', '$2a$10$apdBpyyS0Ul5KvCdeUITKekRjXR4I76YjBnNA32utftwDq56SBOmC', '2025-11-27 17:20:13.306538+00', NULL, '', '2025-11-27 17:18:52.044195+00', '', NULL, '', '', NULL, '2025-11-27 17:20:13.32661+00', '{"provider": "email", "providers": ["email"]}', '{"sub": "827507ec-b9f9-4667-b02e-dbacb7a549bb", "email": "andrew+1@sixtyseconds.video", "full_name": "Andrew Bryce", "last_name": "Bryce", "first_name": "Andrew", "email_verified": true, "phone_verified": false}', NULL, '2025-11-27 17:18:52.028501+00', '2025-11-27 17:20:13.329598+00', NULL, NULL, '', '', NULL, '', 0, NULL, '', NULL, false, NULL, false);
INSERT INTO auth.users (instance_id, id, aud, role, email, encrypted_password, email_confirmed_at, invited_at, confirmation_token, confirmation_sent_at, recovery_token, recovery_sent_at, email_change_token_new, email_change, email_change_sent_at, last_sign_in_at, raw_app_meta_data, raw_user_meta_data, is_super_admin, created_at, updated_at, phone, phone_confirmed_at, phone_change, phone_change_token, phone_change_sent_at, email_change_token_current, email_change_confirm_status, banned_until, reauthentication_token, reauthentication_sent_at, is_sso_user, deleted_at, is_anonymous) VALUES ('00000000-0000-0000-0000-000000000000', '7091bab8-ddff-4b7f-8840-966d93130113', 'authenticated', 'authenticated', 'andrew+4@sixtyseconds.video', '$2a$10$oUNH9nJ8ADPu.WQXveykEeqxm2i6dnzG0B.0/9QMxMMRdwMbIscwm', '2025-11-27 18:12:02.15362+00', NULL, '', '2025-11-27 18:11:44.488813+00', '', NULL, '', '', NULL, '2025-11-27 18:12:02.157121+00', '{"provider": "email", "providers": ["email"]}', '{"sub": "7091bab8-ddff-4b7f-8840-966d93130113", "email": "andrew+4@sixtyseconds.video", "full_name": "andrew bryce", "last_name": "bryce", "first_name": "andrew", "email_verified": true, "phone_verified": false}', NULL, '2025-11-27 18:11:44.479814+00', '2025-11-27 18:12:02.158933+00', NULL, NULL, '', '', NULL, '', 0, NULL, '', NULL, false, NULL, false);
INSERT INTO auth.users (instance_id, id, aud, role, email, encrypted_password, email_confirmed_at, invited_at, confirmation_token, confirmation_sent_at, recovery_token, recovery_sent_at, email_change_token_new, email_change, email_change_sent_at, last_sign_in_at, raw_app_meta_data, raw_user_meta_data, is_super_admin, created_at, updated_at, phone, phone_confirmed_at, phone_change, phone_change_token, phone_change_sent_at, email_change_token_current, email_change_confirm_status, banned_until, reauthentication_token, reauthentication_sent_at, is_sso_user, deleted_at, is_anonymous) VALUES ('00000000-0000-0000-0000-000000000000', '2b86fb3f-3b28-4a23-b63b-358d63b010fa', 'authenticated', 'authenticated', 'andrew+5@sixtyseconds.video', '$2a$10$Beh/ATgPzd.0CXSXHF8ZeOB6sIPHbEiKy0Vo0S.lFc2u0PVH1wOB6', '2025-11-27 18:27:17.04922+00', NULL, '', '2025-11-27 18:26:56.630992+00', '', NULL, '', '', NULL, '2025-11-27 19:45:59.351065+00', '{"provider": "email", "providers": ["email"]}', '{"sub": "2b86fb3f-3b28-4a23-b63b-358d63b010fa", "email": "andrew+5@sixtyseconds.video", "full_name": "andrew bryce", "last_name": "bryce", "first_name": "andrew", "email_verified": true, "phone_verified": false}', NULL, '2025-11-27 18:26:56.619714+00', '2025-11-27 20:44:15.679471+00', NULL, NULL, '', '', NULL, '', 0, NULL, '', NULL, false, NULL, false);
INSERT INTO auth.users (instance_id, id, aud, role, email, encrypted_password, email_confirmed_at, invited_at, confirmation_token, confirmation_sent_at, recovery_token, recovery_sent_at, email_change_token_new, email_change, email_change_sent_at, last_sign_in_at, raw_app_meta_data, raw_user_meta_data, is_super_admin, created_at, updated_at, phone, phone_confirmed_at, phone_change, phone_change_token, phone_change_sent_at, email_change_token_current, email_change_confirm_status, banned_until, reauthentication_token, reauthentication_sent_at, is_sso_user, deleted_at, is_anonymous) VALUES ('00000000-0000-0000-0000-000000000000', '08c6d965-54cd-4673-9fa2-8425d0c2273f', 'authenticated', 'authenticated', 'andrew+6@sixtyseconds.video', '$2a$10$adDZg1mtt5QYgnletswUh.V1hCAbq2awhnGetlgabkF4GKX/KnfWC', '2025-11-28 10:29:59.8004+00', NULL, '', '2025-11-28 10:29:21.584855+00', 'b7160ed4c7b3d396999c5957055dd314e21990960fc7f84797d8ca52', '2025-12-02 16:37:01.455647+00', '', '', NULL, '2025-11-28 10:29:59.804517+00', '{"provider": "email", "providers": ["email"]}', '{"sub": "08c6d965-54cd-4673-9fa2-8425d0c2273f", "email": "andrew+6@sixtyseconds.video", "full_name": "andrew bryce", "last_name": "bryce", "first_name": "andrew", "email_verified": true, "phone_verified": false}', NULL, '2025-11-28 10:29:21.536388+00', '2025-12-02 16:37:01.463407+00', NULL, NULL, '', '', NULL, '', 0, NULL, '', NULL, false, NULL, false);
INSERT INTO auth.users (instance_id, id, aud, role, email, encrypted_password, email_confirmed_at, invited_at, confirmation_token, confirmation_sent_at, recovery_token, recovery_sent_at, email_change_token_new, email_change, email_change_sent_at, last_sign_in_at, raw_app_meta_data, raw_user_meta_data, is_super_admin, created_at, updated_at, phone, phone_confirmed_at, phone_change, phone_change_token, phone_change_sent_at, email_change_token_current, email_change_confirm_status, banned_until, reauthentication_token, reauthentication_sent_at, is_sso_user, deleted_at, is_anonymous) VALUES ('00000000-0000-0000-0000-000000000000', 'd7bd54a0-a3c4-4275-8bf8-b09d850414db', 'authenticated', 'authenticated', 'drue+10@sixtyseconds.video', '$2a$10$fE.7F6pzuTgM.oF8n.9Po.3CNBJX4sA0ztA/stYichqTNARPBahga', '2025-12-18 12:27:06.23999+00', NULL, '', '2025-12-18 12:26:33.49457+00', '', NULL, '', '', NULL, '2025-12-18 12:27:06.71811+00', '{"provider": "email", "providers": ["email"]}', '{"sub": "d7bd54a0-a3c4-4275-8bf8-b09d850414db", "email": "drue+10@sixtyseconds.video", "full_name": "gfd hgf", "last_name": "hgf", "first_name": "gfd", "email_verified": true, "phone_verified": false}', NULL, '2025-12-18 12:26:33.47893+00', '2025-12-28 12:42:59.141162+00', NULL, NULL, '', '', NULL, '', 0, NULL, '', NULL, false, NULL, false);
INSERT INTO auth.users (instance_id, id, aud, role, email, encrypted_password, email_confirmed_at, invited_at, confirmation_token, confirmation_sent_at, recovery_token, recovery_sent_at, email_change_token_new, email_change, email_change_sent_at, last_sign_in_at, raw_app_meta_data, raw_user_meta_data, is_super_admin, created_at, updated_at, phone, phone_confirmed_at, phone_change, phone_change_token, phone_change_sent_at, email_change_token_current, email_change_confirm_status, banned_until, reauthentication_token, reauthentication_sent_at, is_sso_user, deleted_at, is_anonymous) VALUES ('00000000-0000-0000-0000-000000000000', 'e783d627-bbc6-4fac-b7d0-3913cb45b4b8', 'authenticated', 'authenticated', 'phil@sixtyseconds.video', '$2a$10$D.6UUW5I1OmJn8EkexgAP.G0q5qnmTbssto2m0J5vYEMdIsCoYYnS', '2025-04-29 11:17:00.794562+00', NULL, '', NULL, '', NULL, '', '', NULL, '2026-01-05 09:07:57.717427+00', '{"provider": "email", "providers": []}', '{"sub": "e783d627-bbc6-4fac-b7d0-3913cb45b4b8", "email": "phil@sixtyseconds.video", "full_name": "Phil O''Brien", "email_verified": true, "phone_verified": false}', NULL, '2025-04-29 11:17:00.787075+00', '2026-01-05 09:07:57.727918+00', NULL, NULL, '', '', NULL, '', 0, NULL, '', NULL, false, NULL, false);
INSERT INTO auth.users (instance_id, id, aud, role, email, encrypted_password, email_confirmed_at, invited_at, confirmation_token, confirmation_sent_at, recovery_token, recovery_sent_at, email_change_token_new, email_change, email_change_sent_at, last_sign_in_at, raw_app_meta_data, raw_user_meta_data, is_super_admin, created_at, updated_at, phone, phone_confirmed_at, phone_change, phone_change_token, phone_change_sent_at, email_change_token_current, email_change_confirm_status, banned_until, reauthentication_token, reauthentication_sent_at, is_sso_user, deleted_at, is_anonymous) VALUES ('00000000-0000-0000-0000-000000000000', '5eaee118-0b6d-4639-914e-381b89c53298', 'authenticated', 'authenticated', 'test@agta.com', '$2a$10$pEky0Z/MUCelZRSh79Tv5.PWeigy3nUimzYFkPSegsmhEsRbHDXsm', NULL, NULL, 'pkce_3235d421bbe618ad385e1d44e6253ec10fce58ea6b7706897f3fdee7', '2025-12-18 12:13:21.460527+00', '', NULL, '', '', NULL, NULL, '{"provider": "email", "providers": ["email"]}', '{"sub": "5eaee118-0b6d-4639-914e-381b89c53298", "email": "test@agta.com", "full_name": "M P", "last_name": "P", "first_name": "M", "email_verified": false, "phone_verified": false}', NULL, '2025-12-18 12:13:21.413617+00', '2025-12-18 12:13:21.802841+00', NULL, NULL, '', '', NULL, '', 0, NULL, '', NULL, false, NULL, false);
INSERT INTO auth.users (instance_id, id, aud, role, email, encrypted_password, email_confirmed_at, invited_at, confirmation_token, confirmation_sent_at, recovery_token, recovery_sent_at, email_change_token_new, email_change, email_change_sent_at, last_sign_in_at, raw_app_meta_data, raw_user_meta_data, is_super_admin, created_at, updated_at, phone, phone_confirmed_at, phone_change, phone_change_token, phone_change_sent_at, email_change_token_current, email_change_confirm_status, banned_until, reauthentication_token, reauthentication_sent_at, is_sso_user, deleted_at, is_anonymous) VALUES ('00000000-0000-0000-0000-000000000000', '55ee620c-b7bd-40f0-aaa5-d96bc61b0236', 'authenticated', 'authenticated', 'drue@sixtyseconds.video', '$2a$10$biO0EERZVY1N0tYkSiVgZOJWqVeYVDRopGU/htB2xvqfXiyfdb12C', '2025-12-18 11:22:36.147586+00', NULL, '', '2025-12-12 09:49:48.16358+00', 'pkce_7702e102e5beabebf70951798efc2301d2d3558b62e677a58351ae7f', '2025-12-23 16:35:54.708673+00', '', '', NULL, '2025-12-18 11:33:32.90551+00', '{"provider": "email", "providers": ["email"]}', '{"sub": "55ee620c-b7bd-40f0-aaa5-d96bc61b0236", "email": "drue@sixtyseconds.video", "full_name": "Drue S", "last_name": "S", "first_name": "Drue", "email_verified": true, "phone_verified": false}', NULL, '2025-12-12 09:49:48.125678+00', '2025-12-23 16:35:54.97145+00', NULL, NULL, '', '', NULL, '', 0, NULL, '', NULL, false, NULL, false);
INSERT INTO auth.users (instance_id, id, aud, role, email, encrypted_password, email_confirmed_at, invited_at, confirmation_token, confirmation_sent_at, recovery_token, recovery_sent_at, email_change_token_new, email_change, email_change_sent_at, last_sign_in_at, raw_app_meta_data, raw_user_meta_data, is_super_admin, created_at, updated_at, phone, phone_confirmed_at, phone_change, phone_change_token, phone_change_sent_at, email_change_token_current, email_change_confirm_status, banned_until, reauthentication_token, reauthentication_sent_at, is_sso_user, deleted_at, is_anonymous) VALUES ('00000000-0000-0000-0000-000000000000', '9598791f-06df-4ad8-8f5f-0933cf3772ef', 'authenticated', 'authenticated', 'andrew+1213@sixtyseconds.video', '$2a$10$6RH75VmySla0EC6wF5/37uYtUp4iczfNe/RXEK1tX6T0/uEGnmExq', NULL, NULL, 'pkce_970abd409a3497c54f4c5187a3ef28d084f3bdffc39ef6c0a684b916', '2025-12-12 13:31:03.078211+00', '', NULL, '', '', NULL, NULL, '{"provider": "email", "providers": ["email"]}', '{"sub": "9598791f-06df-4ad8-8f5f-0933cf3772ef", "email": "andrew+1213@sixtyseconds.video", "full_name": "Andrew Bryce", "last_name": "Bryce", "first_name": "Andrew", "email_verified": false, "phone_verified": false}', NULL, '2025-12-12 13:31:03.05928+00', '2025-12-12 13:31:03.501287+00', NULL, NULL, '', '', NULL, '', 0, NULL, '', NULL, false, NULL, false);
INSERT INTO auth.users (instance_id, id, aud, role, email, encrypted_password, email_confirmed_at, invited_at, confirmation_token, confirmation_sent_at, recovery_token, recovery_sent_at, email_change_token_new, email_change, email_change_sent_at, last_sign_in_at, raw_app_meta_data, raw_user_meta_data, is_super_admin, created_at, updated_at, phone, phone_confirmed_at, phone_change, phone_change_token, phone_change_sent_at, email_change_token_current, email_change_confirm_status, banned_until, reauthentication_token, reauthentication_sent_at, is_sso_user, deleted_at, is_anonymous) VALUES ('00000000-0000-0000-0000-000000000000', 'f3bcb17b-9ed9-4a54-a753-cbba7fe923cc', 'authenticated', 'authenticated', 'test-full-signup@example.com', '$2a$10$hwlq0e7fWoy6GOR.KtsQR.d1qZHAcZP64/aSTiKo7uzEZ0S0jgfV.', '2025-12-08 18:43:04.56723+00', NULL, '', NULL, '', NULL, '', '', NULL, '2025-12-08 18:43:04.57162+00', '{"provider": "email", "providers": ["email"]}', '{"sub": "f3bcb17b-9ed9-4a54-a753-cbba7fe923cc", "email": "test-full-signup@example.com", "email_verified": true, "phone_verified": false}', NULL, '2025-12-08 18:43:04.557551+00', '2025-12-08 18:43:04.573731+00', NULL, NULL, '', '', NULL, '', 0, NULL, '', NULL, false, NULL, false);
INSERT INTO auth.users (instance_id, id, aud, role, email, encrypted_password, email_confirmed_at, invited_at, confirmation_token, confirmation_sent_at, recovery_token, recovery_sent_at, email_change_token_new, email_change, email_change_sent_at, last_sign_in_at, raw_app_meta_data, raw_user_meta_data, is_super_admin, created_at, updated_at, phone, phone_confirmed_at, phone_change, phone_change_token, phone_change_sent_at, email_change_token_current, email_change_confirm_status, banned_until, reauthentication_token, reauthentication_sent_at, is_sso_user, deleted_at, is_anonymous) VALUES ('00000000-0000-0000-0000-000000000000', 'b97e158c-62cc-446a-a308-f6074c41ca2f', 'authenticated', 'authenticated', 'andrew+182@sixtyseconds.video', '$2a$10$BDp1MJOoki8xgxHwlKWgt.MjRk.SLSVmX//4sxptYsb5bctaB2Dai', '2025-12-12 13:52:58.486734+00', NULL, '', '2025-12-12 13:52:40.586591+00', '', NULL, '', '', NULL, '2025-12-12 13:52:58.708884+00', '{"provider": "email", "providers": ["email"]}', '{"sub": "b97e158c-62cc-446a-a308-f6074c41ca2f", "email": "andrew+182@sixtyseconds.video", "full_name": "Andrew Brytc", "last_name": "Brytc", "first_name": "Andrew", "email_verified": true, "phone_verified": false}', NULL, '2025-12-12 13:52:40.574238+00', '2025-12-12 13:52:58.712781+00', NULL, NULL, '', '', NULL, '', 0, NULL, '', NULL, false, NULL, false);
INSERT INTO auth.users (instance_id, id, aud, role, email, encrypted_password, email_confirmed_at, invited_at, confirmation_token, confirmation_sent_at, recovery_token, recovery_sent_at, email_change_token_new, email_change, email_change_sent_at, last_sign_in_at, raw_app_meta_data, raw_user_meta_data, is_super_admin, created_at, updated_at, phone, phone_confirmed_at, phone_change, phone_change_token, phone_change_sent_at, email_change_token_current, email_change_confirm_status, banned_until, reauthentication_token, reauthentication_sent_at, is_sso_user, deleted_at, is_anonymous) VALUES ('00000000-0000-0000-0000-000000000000', '2649e754-a6c2-4894-8068-08c7739a5f26', 'authenticated', 'authenticated', 'test-auth-1765546525@sixtyseconds.ai', '$2a$10$/j3T0vMJ1dTCjzRyeph3Oe.2pAmsMpJX7MPz9g5.WkB.Bz55wKlEW', NULL, NULL, '096f6a6d13f0506a81ab8f17ea960f2edb6b3576de8f7ee5ec1e2ffb', '2025-12-12 13:35:26.14026+00', '', NULL, '', '', NULL, NULL, '{"provider": "email", "providers": ["email"]}', '{"sub": "2649e754-a6c2-4894-8068-08c7739a5f26", "email": "test-auth-1765546525@sixtyseconds.ai", "email_verified": false, "phone_verified": false}', NULL, '2025-12-12 13:35:26.127683+00', '2025-12-12 13:35:26.498457+00', NULL, NULL, '', '', NULL, '', 0, NULL, '', NULL, false, NULL, false);
INSERT INTO auth.users (instance_id, id, aud, role, email, encrypted_password, email_confirmed_at, invited_at, confirmation_token, confirmation_sent_at, recovery_token, recovery_sent_at, email_change_token_new, email_change, email_change_sent_at, last_sign_in_at, raw_app_meta_data, raw_user_meta_data, is_super_admin, created_at, updated_at, phone, phone_confirmed_at, phone_change, phone_change_token, phone_change_sent_at, email_change_token_current, email_change_confirm_status, banned_until, reauthentication_token, reauthentication_sent_at, is_sso_user, deleted_at, is_anonymous) VALUES ('00000000-0000-0000-0000-000000000000', '2b5c8ec1-3b51-4f10-9b53-26fe8dc0da0a', 'authenticated', 'authenticated', 'aandrianantenaina@nextaura.com', '$2a$10$hHI.qK2QbOIXnedEx.mAeOmxO1TdNMykZouScS6.glXDhf62Xqyb6', '2025-04-16 07:07:59.181365+00', NULL, '', NULL, '', '2025-12-14 17:47:17.325422+00', '', '', NULL, '2026-01-02 11:21:08.364891+00', '{"provider": "email", "providers": []}', '{"sub": "2b5c8ec1-3b51-4f10-9b53-26fe8dc0da0a", "email": "aandrianantenaina@nextaura.com", "full_name": "Angelo Andria", "email_verified": true, "phone_verified": false}', NULL, '2025-04-16 07:07:59.169366+00', '2026-01-02 11:21:08.36736+00', NULL, NULL, '', '', NULL, '', 0, NULL, '', NULL, false, NULL, false);
INSERT INTO auth.users (instance_id, id, aud, role, email, encrypted_password, email_confirmed_at, invited_at, confirmation_token, confirmation_sent_at, recovery_token, recovery_sent_at, email_change_token_new, email_change, email_change_sent_at, last_sign_in_at, raw_app_meta_data, raw_user_meta_data, is_super_admin, created_at, updated_at, phone, phone_confirmed_at, phone_change, phone_change_token, phone_change_sent_at, email_change_token_current, email_change_confirm_status, banned_until, reauthentication_token, reauthentication_sent_at, is_sso_user, deleted_at, is_anonymous) VALUES ('00000000-0000-0000-0000-000000000000', 'ac4efca2-1fe1-49b3-9d5e-6ac3d8bf3459', 'authenticated', 'authenticated', 'andrew.bryce@sixtyseconds.video', '$2a$10$f7nNPE5h7tLllSIjH2/z5.5rjObpcPrB0Jo4LVJFPDFoCWHfQokgS', '2025-01-26 12:46:11.22621+00', NULL, '', NULL, '', '2025-12-30 14:08:35.790438+00', '', '', NULL, '2026-01-06 08:33:25.643754+00', '{"provider": "email", "providers": []}', '{"sub": "ac4efca2-1fe1-49b3-9d5e-6ac3d8bf3459", "email": "andrew.bryce@sixtyseconds.video", "full_name": "Andrew Bryce", "email_verified": true, "phone_verified": false}', NULL, '2025-01-26 12:46:11.205656+00', '2026-01-06 08:33:25.654271+00', NULL, NULL, '', '', NULL, '', 0, NULL, '', NULL, false, NULL, false);
INSERT INTO auth.users (instance_id, id, aud, role, email, encrypted_password, email_confirmed_at, invited_at, confirmation_token, confirmation_sent_at, recovery_token, recovery_sent_at, email_change_token_new, email_change, email_change_sent_at, last_sign_in_at, raw_app_meta_data, raw_user_meta_data, is_super_admin, created_at, updated_at, phone, phone_confirmed_at, phone_change, phone_change_token, phone_change_sent_at, email_change_token_current, email_change_confirm_status, banned_until, reauthentication_token, reauthentication_sent_at, is_sso_user, deleted_at, is_anonymous) VALUES ('00000000-0000-0000-0000-000000000000', 'acf9cc34-ccad-4363-be67-8e381a912669', 'authenticated', 'authenticated', 'max.parish@sixtyseconds.video', '$2a$10$.qFvSBI91V9jEpek9wEC9.k6YfzTIZoylDYCmQFrl/084diNjQm0u', '2025-12-15 14:21:57.531858+00', NULL, '', NULL, '', NULL, '', '', NULL, '2025-12-30 16:58:03.018115+00', '{"provider": "email", "providers": ["email"]}', '{"sub": "acf9cc34-ccad-4363-be67-8e381a912669", "email": "max.parish@sixtyseconds.video", "full_name": "Max Parish", "last_name": "Parish", "first_name": "Max", "email_verified": true, "phone_verified": false}', NULL, '2025-12-15 14:20:29.580737+00', '2026-01-06 07:20:55.572625+00', NULL, NULL, '', '', NULL, '', 0, NULL, '', NULL, false, NULL, false);
INSERT INTO auth.users (instance_id, id, aud, role, email, encrypted_password, email_confirmed_at, invited_at, confirmation_token, confirmation_sent_at, recovery_token, recovery_sent_at, email_change_token_new, email_change, email_change_sent_at, last_sign_in_at, raw_app_meta_data, raw_user_meta_data, is_super_admin, created_at, updated_at, phone, phone_confirmed_at, phone_change, phone_change_token, phone_change_sent_at, email_change_token_current, email_change_confirm_status, banned_until, reauthentication_token, reauthentication_sent_at, is_sso_user, deleted_at, is_anonymous) VALUES ('00000000-0000-0000-0000-000000000000', '5e05eab0-f813-403b-afdd-b8736d5c82f4', 'authenticated', 'authenticated', 'testing@testing.com', '$2a$10$v498CIUBSVDgOPzt.DsZVOgu0SYAc1NYDfeJJehFNvHA73nIvXDJ6', NULL, NULL, 'pkce_2be2adb89e72e7b9490927153fb8f32070592811fb7fd9f3eb7dd942', '2025-12-15 14:23:22.965999+00', '', NULL, '', '', NULL, NULL, '{"provider": "email", "providers": ["email"]}', '{"sub": "5e05eab0-f813-403b-afdd-b8736d5c82f4", "email": "testing@testing.com", "full_name": "Test...== Testing.//", "last_name": "Testing.//", "first_name": "Test...==", "email_verified": false, "phone_verified": false}', NULL, '2025-12-15 14:23:22.953746+00', '2025-12-15 14:23:23.269151+00', NULL, NULL, '', '', NULL, '', 0, NULL, '', NULL, false, NULL, false);
INSERT INTO auth.users (instance_id, id, aud, role, email, encrypted_password, email_confirmed_at, invited_at, confirmation_token, confirmation_sent_at, recovery_token, recovery_sent_at, email_change_token_new, email_change, email_change_sent_at, last_sign_in_at, raw_app_meta_data, raw_user_meta_data, is_super_admin, created_at, updated_at, phone, phone_confirmed_at, phone_change, phone_change_token, phone_change_sent_at, email_change_token_current, email_change_confirm_status, banned_until, reauthentication_token, reauthentication_sent_at, is_sso_user, deleted_at, is_anonymous) VALUES ('00000000-0000-0000-0000-000000000000', '03c0661d-349b-4bcb-b4cc-65f4b912ffcf', 'authenticated', 'authenticated', 'andrew+723@sixtyseconds.video', '$2a$10$71QMEDw5m/SDTrUoBcoNJuJZdJTyK6lrqCinCTTsScp5Gr9PzJ6Ca', '2025-12-12 14:06:49.827388+00', NULL, '', '2025-12-12 14:06:36.597672+00', '', NULL, '', '', NULL, '2025-12-12 14:06:50.486151+00', '{"provider": "email", "providers": ["email"]}', '{"sub": "03c0661d-349b-4bcb-b4cc-65f4b912ffcf", "email": "andrew+723@sixtyseconds.video", "full_name": "Andrew Bryce", "last_name": "Bryce", "first_name": "Andrew", "email_verified": true, "phone_verified": false}', NULL, '2025-12-12 14:06:36.584524+00', '2025-12-12 15:32:57.236867+00', NULL, NULL, '', '', NULL, '', 0, NULL, '', NULL, false, NULL, false);
INSERT INTO auth.users (instance_id, id, aud, role, email, encrypted_password, email_confirmed_at, invited_at, confirmation_token, confirmation_sent_at, recovery_token, recovery_sent_at, email_change_token_new, email_change, email_change_sent_at, last_sign_in_at, raw_app_meta_data, raw_user_meta_data, is_super_admin, created_at, updated_at, phone, phone_confirmed_at, phone_change, phone_change_token, phone_change_sent_at, email_change_token_current, email_change_confirm_status, banned_until, reauthentication_token, reauthentication_sent_at, is_sso_user, deleted_at, is_anonymous) VALUES ('00000000-0000-0000-0000-000000000000', 'f1929f83-b89a-4817-a753-cb4ffe9c34bb', 'authenticated', 'authenticated', 'andrew+123492@sixtyseconds.video', '$2a$10$Nb1vWGFlaiZIahX/FIuAVelnEE7lxcbmNo8.v3kaxs.sgKVGr1ia2', NULL, NULL, 'pkce_e6920f85c1f3828e4520cb8243b5eb57f92ad674d17109471a3dc769', '2025-12-12 21:06:31.137841+00', '', NULL, '', '', NULL, NULL, '{"provider": "email", "providers": ["email"]}', '{"sub": "f1929f83-b89a-4817-a753-cb4ffe9c34bb", "email": "andrew+123492@sixtyseconds.video", "full_name": "Andrew Bryce", "last_name": "Bryce", "first_name": "Andrew", "email_verified": false, "phone_verified": false}', NULL, '2025-12-12 21:06:31.114266+00', '2025-12-12 21:06:31.568316+00', NULL, NULL, '', '', NULL, '', 0, NULL, '', NULL, false, NULL, false);
INSERT INTO auth.users (instance_id, id, aud, role, email, encrypted_password, email_confirmed_at, invited_at, confirmation_token, confirmation_sent_at, recovery_token, recovery_sent_at, email_change_token_new, email_change, email_change_sent_at, last_sign_in_at, raw_app_meta_data, raw_user_meta_data, is_super_admin, created_at, updated_at, phone, phone_confirmed_at, phone_change, phone_change_token, phone_change_sent_at, email_change_token_current, email_change_confirm_status, banned_until, reauthentication_token, reauthentication_sent_at, is_sso_user, deleted_at, is_anonymous) VALUES ('00000000-0000-0000-0000-000000000000', 'dbde796e-dd83-48a9-90ac-db7f148b9d9c', 'authenticated', 'authenticated', 'andrew.bryce+218@sixtyseconds.video', '$2a$10$m/sV3m7VU/42APw85bhfj.eYBR9noEwGGooMHUQa7MMeHuCbEPery', '2025-12-12 15:55:12.877621+00', NULL, '', '2025-12-12 15:54:16.790669+00', '', NULL, '', '', NULL, NULL, '{"provider": "email", "providers": ["email"]}', '{"sub": "dbde796e-dd83-48a9-90ac-db7f148b9d9c", "email": "andrew.bryce+218@sixtyseconds.video", "full_name": "Andrew Bryce", "last_name": "Bryce", "first_name": "Andrew", "email_verified": true, "phone_verified": false}', NULL, '2025-12-12 15:54:16.778088+00', '2025-12-12 15:55:12.880706+00', NULL, NULL, '', '', NULL, '', 0, NULL, '', NULL, false, NULL, false);
INSERT INTO auth.users (instance_id, id, aud, role, email, encrypted_password, email_confirmed_at, invited_at, confirmation_token, confirmation_sent_at, recovery_token, recovery_sent_at, email_change_token_new, email_change, email_change_sent_at, last_sign_in_at, raw_app_meta_data, raw_user_meta_data, is_super_admin, created_at, updated_at, phone, phone_confirmed_at, phone_change, phone_change_token, phone_change_sent_at, email_change_token_current, email_change_confirm_status, banned_until, reauthentication_token, reauthentication_sent_at, is_sso_user, deleted_at, is_anonymous) VALUES ('00000000-0000-0000-0000-000000000000', 'c80fdcc3-29af-4f1e-84ba-a592d04364f3', 'authenticated', 'authenticated', 'andrew.bryce+872634@sixtyseconds.video', '$2a$10$ItIA5MUqObIurJHz1i1SJO1n.9d.lHNkR0btUDyYeQiVPIqCGdQai', '2025-12-16 12:43:18.04955+00', NULL, '', '2025-12-16 12:42:28.650266+00', '', NULL, '', '', NULL, NULL, '{"provider": "email", "providers": ["email"]}', '{"sub": "c80fdcc3-29af-4f1e-84ba-a592d04364f3", "email": "andrew.bryce+872634@sixtyseconds.video", "full_name": "Andrew Bryce", "last_name": "Bryce", "first_name": "Andrew", "email_verified": true, "phone_verified": false}', NULL, '2025-12-16 12:42:28.584886+00', '2025-12-16 12:43:18.053831+00', NULL, NULL, '', '', NULL, '', 0, NULL, '', NULL, false, NULL, false);
INSERT INTO auth.users (instance_id, id, aud, role, email, encrypted_password, email_confirmed_at, invited_at, confirmation_token, confirmation_sent_at, recovery_token, recovery_sent_at, email_change_token_new, email_change, email_change_sent_at, last_sign_in_at, raw_app_meta_data, raw_user_meta_data, is_super_admin, created_at, updated_at, phone, phone_confirmed_at, phone_change, phone_change_token, phone_change_sent_at, email_change_token_current, email_change_confirm_status, banned_until, reauthentication_token, reauthentication_sent_at, is_sso_user, deleted_at, is_anonymous) VALUES ('00000000-0000-0000-0000-000000000000', 'a3829377-36d8-4f40-bcc0-ec9894ff76fe', 'authenticated', 'authenticated', 'andrew+23765@sixtyseconds.video', '$2a$10$Q9ZNOWoyzxuslGXKaSuZ1eiwhCTfNq68GKMEKRO5C3dSyGs5SAOBK', NULL, NULL, 'pkce_2ee49716fcdbfa981c57dad2d02be978fc36c63fe7fdcbca7e1b4bbe', '2025-12-16 12:43:07.484609+00', '', NULL, '', '', NULL, NULL, '{"provider": "email", "providers": ["email"]}', '{"sub": "a3829377-36d8-4f40-bcc0-ec9894ff76fe", "email": "andrew+23765@sixtyseconds.video", "full_name": "Andrew Bryce", "last_name": "Bryce", "first_name": "Andrew", "email_verified": false, "phone_verified": false}', NULL, '2025-12-16 12:43:07.472871+00', '2025-12-16 12:43:07.77989+00', NULL, NULL, '', '', NULL, '', 0, NULL, '', NULL, false, NULL, false);
INSERT INTO auth.users (instance_id, id, aud, role, email, encrypted_password, email_confirmed_at, invited_at, confirmation_token, confirmation_sent_at, recovery_token, recovery_sent_at, email_change_token_new, email_change, email_change_sent_at, last_sign_in_at, raw_app_meta_data, raw_user_meta_data, is_super_admin, created_at, updated_at, phone, phone_confirmed_at, phone_change, phone_change_token, phone_change_sent_at, email_change_token_current, email_change_confirm_status, banned_until, reauthentication_token, reauthentication_sent_at, is_sso_user, deleted_at, is_anonymous) VALUES ('00000000-0000-0000-0000-000000000000', '984f24b8-923d-40e1-bf99-68cb15d8d2cb', 'authenticated', 'authenticated', 'andrew+22@sixtyseconds.video', '$2a$10$uB4lUPJVKcbsqD6zFdqMt.7ktLK8Nyz0fM4XKA8vM4sCcdEYb5SH.', '2025-12-30 15:07:58.441596+00', NULL, '', '2025-12-30 15:06:19.436354+00', '', NULL, '', '', NULL, NULL, '{"provider": "email", "providers": ["email"]}', '{"sub": "984f24b8-923d-40e1-bf99-68cb15d8d2cb", "email": "andrew+22@sixtyseconds.video", "full_name": "Hele Bryce", "last_name": "Bryce", "first_name": "Hele", "email_verified": true, "phone_verified": false}', NULL, '2025-12-30 15:06:19.373526+00', '2025-12-30 15:07:58.444767+00', NULL, NULL, '', '', NULL, '', 0, NULL, '', NULL, false, NULL, false);
INSERT INTO auth.users (instance_id, id, aud, role, email, encrypted_password, email_confirmed_at, invited_at, confirmation_token, confirmation_sent_at, recovery_token, recovery_sent_at, email_change_token_new, email_change, email_change_sent_at, last_sign_in_at, raw_app_meta_data, raw_user_meta_data, is_super_admin, created_at, updated_at, phone, phone_confirmed_at, phone_change, phone_change_token, phone_change_sent_at, email_change_token_current, email_change_confirm_status, banned_until, reauthentication_token, reauthentication_sent_at, is_sso_user, deleted_at, is_anonymous) VALUES ('00000000-0000-0000-0000-000000000000', 'd382dc2d-999e-4d5c-bd4e-e218138eef31', 'authenticated', 'authenticated', 'steven.hall1@example1.com', '$2a$10$Ux8Jm9LVn9DPShnD/eXuAea8n7krJg4OmyGWJ4sOEOK573bL1J5LW', NULL, NULL, 'pkce_9d7c8451b3a75f22978ad999983629582a26c0c08e8c9bcffe046fab', '2025-12-17 14:52:09.03471+00', '', NULL, '', '', NULL, NULL, '{"provider": "email", "providers": ["email"]}', '{"sub": "d382dc2d-999e-4d5c-bd4e-e218138eef31", "email": "steven.hall1@example1.com", "source": "waitlist_resend", "email_verified": false, "phone_verified": false, "waitlist_entry_id": "75a5bbfb-2fc6-420f-afca-b397e146c100"}', NULL, '2025-12-17 14:52:08.962703+00', '2025-12-17 14:52:09.393002+00', NULL, NULL, '', '', NULL, '', 0, NULL, '', NULL, false, NULL, false);
INSERT INTO auth.users (instance_id, id, aud, role, email, encrypted_password, email_confirmed_at, invited_at, confirmation_token, confirmation_sent_at, recovery_token, recovery_sent_at, email_change_token_new, email_change, email_change_sent_at, last_sign_in_at, raw_app_meta_data, raw_user_meta_data, is_super_admin, created_at, updated_at, phone, phone_confirmed_at, phone_change, phone_change_token, phone_change_sent_at, email_change_token_current, email_change_confirm_status, banned_until, reauthentication_token, reauthentication_sent_at, is_sso_user, deleted_at, is_anonymous) VALUES ('00000000-0000-0000-0000-000000000000', '2d35fe13-2a5c-485c-83b3-bcb24c540b26', 'authenticated', 'authenticated', 'sandra.anderson958@digitalocean.com', '$2a$10$f0kiDErQc9J/nYcBCPwriOuaOcH/PvCpfjAAcZUvaLi4yPPgZ9hzK', NULL, NULL, 'pkce_fb78a9c0ca741ed7846bfbc6ecec29084a8c990624677eeefe1b2a06', '2025-12-17 14:59:14.871984+00', '', NULL, '', '', NULL, NULL, '{"provider": "email", "providers": ["email"]}', '{"sub": "2d35fe13-2a5c-485c-83b3-bcb24c540b26", "email": "sandra.anderson958@digitalocean.com", "source": "waitlist_resend", "email_verified": false, "phone_verified": false, "waitlist_entry_id": "6581cf39-e1bb-4d52-9c45-b5fab7e87419"}', NULL, '2025-12-17 14:59:14.856166+00', '2025-12-17 14:59:15.167087+00', NULL, NULL, '', '', NULL, '', 0, NULL, '', NULL, false, NULL, false);
INSERT INTO auth.users (instance_id, id, aud, role, email, encrypted_password, email_confirmed_at, invited_at, confirmation_token, confirmation_sent_at, recovery_token, recovery_sent_at, email_change_token_new, email_change, email_change_sent_at, last_sign_in_at, raw_app_meta_data, raw_user_meta_data, is_super_admin, created_at, updated_at, phone, phone_confirmed_at, phone_change, phone_change_token, phone_change_sent_at, email_change_token_current, email_change_confirm_status, banned_until, reauthentication_token, reauthentication_sent_at, is_sso_user, deleted_at, is_anonymous) VALUES ('00000000-0000-0000-0000-000000000000', '49058ad3-95fd-4335-bf0e-dceff64d8226', 'authenticated', 'authenticated', 'maxtest@a.com', '$2a$10$bM/jKJDF3qFQECTKcYVwhOmab8tkwZjLjnTPY1nEvEti2V6u8RsqK', NULL, NULL, 'pkce_f0fcb9f6252ce2c3f88cd630681f934c7340f3f7e56399f2a5be51bc', '2025-12-18 12:18:12.516984+00', '', NULL, '', '', NULL, NULL, '{"provider": "email", "providers": ["email"]}', '{"sub": "49058ad3-95fd-4335-bf0e-dceff64d8226", "email": "maxtest@a.com", "full_name": "M Test", "last_name": "Test", "first_name": "M", "email_verified": false, "phone_verified": false}', NULL, '2025-12-18 12:18:12.499937+00', '2025-12-18 12:18:12.814146+00', NULL, NULL, '', '', NULL, '', 0, NULL, '', NULL, false, NULL, false);
INSERT INTO auth.users (instance_id, id, aud, role, email, encrypted_password, email_confirmed_at, invited_at, confirmation_token, confirmation_sent_at, recovery_token, recovery_sent_at, email_change_token_new, email_change, email_change_sent_at, last_sign_in_at, raw_app_meta_data, raw_user_meta_data, is_super_admin, created_at, updated_at, phone, phone_confirmed_at, phone_change, phone_change_token, phone_change_sent_at, email_change_token_current, email_change_confirm_status, banned_until, reauthentication_token, reauthentication_sent_at, is_sso_user, deleted_at, is_anonymous) VALUES ('00000000-0000-0000-0000-000000000000', 'b7ce3053-61b8-4edb-aa92-4c376140b08a', 'authenticated', 'authenticated', 'parishmm04@gmail.com', '$2a$10$xOgZKtJK9UabDQwtNheOlOLuwFedvu.mDH3ijq.6UWoNZ5fWhGfrm', '2025-12-17 15:49:53.813574+00', NULL, '', NULL, '', '2025-12-30 16:54:11.743427+00', '', '', NULL, '2025-12-30 15:55:00.762503+00', '{"provider": "email", "providers": ["email"]}', '{"sub": "b7ce3053-61b8-4edb-aa92-4c376140b08a", "email": "parishmm04@gmail.com", "source": "waitlist_resend", "email_verified": true, "phone_verified": false, "waitlist_entry_id": "5c9e40db-aa80-4d3b-b0b7-15041bc6d91a"}', NULL, '2025-12-17 15:49:43.664941+00', '2025-12-30 16:56:16.650156+00', NULL, NULL, '', '', NULL, '', 0, NULL, '', NULL, false, NULL, false);


--
-- Data for Name: identities; Type: TABLE DATA; Schema: auth; Owner: -
--

INSERT INTO auth.identities (provider_id, user_id, identity_data, provider, last_sign_in_at, created_at, updated_at, id) VALUES ('f3bcb17b-9ed9-4a54-a753-cbba7fe923cc', 'f3bcb17b-9ed9-4a54-a753-cbba7fe923cc', '{"sub": "f3bcb17b-9ed9-4a54-a753-cbba7fe923cc", "email": "test-full-signup@example.com", "email_verified": false, "phone_verified": false}', 'email', '2025-12-08 18:43:04.564791+00', '2025-12-08 18:43:04.564844+00', '2025-12-08 18:43:04.564844+00', '11eafd9a-9d84-4894-bacc-4e2a660e92b3');
INSERT INTO auth.identities (provider_id, user_id, identity_data, provider, last_sign_in_at, created_at, updated_at, id) VALUES ('55ee620c-b7bd-40f0-aaa5-d96bc61b0236', '55ee620c-b7bd-40f0-aaa5-d96bc61b0236', '{"sub": "55ee620c-b7bd-40f0-aaa5-d96bc61b0236", "email": "drue@sixtyseconds.video", "full_name": "Drue S", "last_name": "S", "first_name": "Drue", "email_verified": false, "phone_verified": false}', 'email', '2025-12-12 09:49:48.146485+00', '2025-12-12 09:49:48.146569+00', '2025-12-12 09:49:48.146569+00', 'eb3afc84-87fc-4cc2-9a75-2bf62aa35ac6');
INSERT INTO auth.identities (provider_id, user_id, identity_data, provider, last_sign_in_at, created_at, updated_at, id) VALUES ('9598791f-06df-4ad8-8f5f-0933cf3772ef', '9598791f-06df-4ad8-8f5f-0933cf3772ef', '{"sub": "9598791f-06df-4ad8-8f5f-0933cf3772ef", "email": "andrew+1213@sixtyseconds.video", "full_name": "Andrew Bryce", "last_name": "Bryce", "first_name": "Andrew", "email_verified": false, "phone_verified": false}', 'email', '2025-12-12 13:31:03.071068+00', '2025-12-12 13:31:03.071129+00', '2025-12-12 13:31:03.071129+00', 'c91d984c-f37b-414e-a5b1-ef088fcd564b');
INSERT INTO auth.identities (provider_id, user_id, identity_data, provider, last_sign_in_at, created_at, updated_at, id) VALUES ('2649e754-a6c2-4894-8068-08c7739a5f26', '2649e754-a6c2-4894-8068-08c7739a5f26', '{"sub": "2649e754-a6c2-4894-8068-08c7739a5f26", "email": "test-auth-1765546525@sixtyseconds.ai", "email_verified": false, "phone_verified": false}', 'email', '2025-12-12 13:35:26.136623+00', '2025-12-12 13:35:26.136673+00', '2025-12-12 13:35:26.136673+00', '4981a780-a121-420b-8fbc-e9d389b7cd43');
INSERT INTO auth.identities (provider_id, user_id, identity_data, provider, last_sign_in_at, created_at, updated_at, id) VALUES ('b97e158c-62cc-446a-a308-f6074c41ca2f', 'b97e158c-62cc-446a-a308-f6074c41ca2f', '{"sub": "b97e158c-62cc-446a-a308-f6074c41ca2f", "email": "andrew+182@sixtyseconds.video", "full_name": "Andrew Brytc", "last_name": "Brytc", "first_name": "Andrew", "email_verified": true, "phone_verified": false}', 'email', '2025-12-12 13:52:40.582186+00', '2025-12-12 13:52:40.58224+00', '2025-12-12 13:52:40.58224+00', '28096edc-4699-4804-b04f-7aa3bc72d718');
INSERT INTO auth.identities (provider_id, user_id, identity_data, provider, last_sign_in_at, created_at, updated_at, id) VALUES ('03c0661d-349b-4bcb-b4cc-65f4b912ffcf', '03c0661d-349b-4bcb-b4cc-65f4b912ffcf', '{"sub": "03c0661d-349b-4bcb-b4cc-65f4b912ffcf", "email": "andrew+723@sixtyseconds.video", "full_name": "Andrew Bryce", "last_name": "Bryce", "first_name": "Andrew", "email_verified": true, "phone_verified": false}', 'email', '2025-12-12 14:06:36.593174+00', '2025-12-12 14:06:36.59324+00', '2025-12-12 14:06:36.59324+00', '3ccbcd36-78d1-4370-95b7-0f2c347a9477');
INSERT INTO auth.identities (provider_id, user_id, identity_data, provider, last_sign_in_at, created_at, updated_at, id) VALUES ('dbde796e-dd83-48a9-90ac-db7f148b9d9c', 'dbde796e-dd83-48a9-90ac-db7f148b9d9c', '{"sub": "dbde796e-dd83-48a9-90ac-db7f148b9d9c", "email": "andrew.bryce+218@sixtyseconds.video", "full_name": "Andrew Bryce", "last_name": "Bryce", "first_name": "Andrew", "email_verified": true, "phone_verified": false}', 'email', '2025-12-12 15:54:16.786219+00', '2025-12-12 15:54:16.786282+00', '2025-12-12 15:54:16.786282+00', 'd31ce8eb-11e7-4114-b7bc-9ded379ce2f8');
INSERT INTO auth.identities (provider_id, user_id, identity_data, provider, last_sign_in_at, created_at, updated_at, id) VALUES ('f1929f83-b89a-4817-a753-cb4ffe9c34bb', 'f1929f83-b89a-4817-a753-cb4ffe9c34bb', '{"sub": "f1929f83-b89a-4817-a753-cb4ffe9c34bb", "email": "andrew+123492@sixtyseconds.video", "full_name": "Andrew Bryce", "last_name": "Bryce", "first_name": "Andrew", "email_verified": false, "phone_verified": false}', 'email', '2025-12-12 21:06:31.130718+00', '2025-12-12 21:06:31.130772+00', '2025-12-12 21:06:31.130772+00', '0206a53e-174f-48ba-a8ce-3d554db38b91');
INSERT INTO auth.identities (provider_id, user_id, identity_data, provider, last_sign_in_at, created_at, updated_at, id) VALUES ('acf9cc34-ccad-4363-be67-8e381a912669', 'acf9cc34-ccad-4363-be67-8e381a912669', '{"sub": "acf9cc34-ccad-4363-be67-8e381a912669", "email": "max.parish@sixtyseconds.video", "full_name": "Max Parish", "last_name": "Parish", "first_name": "Max", "email_verified": true, "phone_verified": false}', 'email', '2025-12-15 14:20:29.60009+00', '2025-12-15 14:20:29.600149+00', '2025-12-15 14:20:29.600149+00', '72e3f85b-b0de-4548-ac61-a51bf80addd1');
INSERT INTO auth.identities (provider_id, user_id, identity_data, provider, last_sign_in_at, created_at, updated_at, id) VALUES ('5e05eab0-f813-403b-afdd-b8736d5c82f4', '5e05eab0-f813-403b-afdd-b8736d5c82f4', '{"sub": "5e05eab0-f813-403b-afdd-b8736d5c82f4", "email": "testing@testing.com", "full_name": "Test...== Testing.//", "last_name": "Testing.//", "first_name": "Test...==", "email_verified": false, "phone_verified": false}', 'email', '2025-12-15 14:23:22.96132+00', '2025-12-15 14:23:22.961375+00', '2025-12-15 14:23:22.961375+00', '241a0aa4-d614-4b12-a668-54d627a86727');
INSERT INTO auth.identities (provider_id, user_id, identity_data, provider, last_sign_in_at, created_at, updated_at, id) VALUES ('a3829377-36d8-4f40-bcc0-ec9894ff76fe', 'a3829377-36d8-4f40-bcc0-ec9894ff76fe', '{"sub": "a3829377-36d8-4f40-bcc0-ec9894ff76fe", "email": "andrew+23765@sixtyseconds.video", "full_name": "Andrew Bryce", "last_name": "Bryce", "first_name": "Andrew", "email_verified": false, "phone_verified": false}', 'email', '2025-12-16 12:43:07.480098+00', '2025-12-16 12:43:07.480151+00', '2025-12-16 12:43:07.480151+00', '4ad0aae5-ffe7-4a9f-a0e3-edf3d1aaf495');
INSERT INTO auth.identities (provider_id, user_id, identity_data, provider, last_sign_in_at, created_at, updated_at, id) VALUES ('c80fdcc3-29af-4f1e-84ba-a592d04364f3', 'c80fdcc3-29af-4f1e-84ba-a592d04364f3', '{"sub": "c80fdcc3-29af-4f1e-84ba-a592d04364f3", "email": "andrew.bryce+872634@sixtyseconds.video", "full_name": "Andrew Bryce", "last_name": "Bryce", "first_name": "Andrew", "email_verified": true, "phone_verified": false}', 'email', '2025-12-16 12:42:28.633062+00', '2025-12-16 12:42:28.633118+00', '2025-12-16 12:42:28.633118+00', '3e3dbedc-03b0-493b-9f3c-e674db651662');
INSERT INTO auth.identities (provider_id, user_id, identity_data, provider, last_sign_in_at, created_at, updated_at, id) VALUES ('d382dc2d-999e-4d5c-bd4e-e218138eef31', 'd382dc2d-999e-4d5c-bd4e-e218138eef31', '{"sub": "d382dc2d-999e-4d5c-bd4e-e218138eef31", "email": "steven.hall1@example1.com", "source": "waitlist_resend", "email_verified": false, "phone_verified": false, "waitlist_entry_id": "75a5bbfb-2fc6-420f-afca-b397e146c100"}', 'email', '2025-12-17 14:52:09.018983+00', '2025-12-17 14:52:09.01904+00', '2025-12-17 14:52:09.01904+00', '4fa3facd-1d72-451a-ba0a-080adb243955');
INSERT INTO auth.identities (provider_id, user_id, identity_data, provider, last_sign_in_at, created_at, updated_at, id) VALUES ('2d35fe13-2a5c-485c-83b3-bcb24c540b26', '2d35fe13-2a5c-485c-83b3-bcb24c540b26', '{"sub": "2d35fe13-2a5c-485c-83b3-bcb24c540b26", "email": "sandra.anderson958@digitalocean.com", "source": "waitlist_resend", "email_verified": false, "phone_verified": false, "waitlist_entry_id": "6581cf39-e1bb-4d52-9c45-b5fab7e87419"}', 'email', '2025-12-17 14:59:14.867557+00', '2025-12-17 14:59:14.867607+00', '2025-12-17 14:59:14.867607+00', 'a04097aa-aeb0-4085-8366-bfbb3680ecdf');
INSERT INTO auth.identities (provider_id, user_id, identity_data, provider, last_sign_in_at, created_at, updated_at, id) VALUES ('b7ce3053-61b8-4edb-aa92-4c376140b08a', 'b7ce3053-61b8-4edb-aa92-4c376140b08a', '{"sub": "b7ce3053-61b8-4edb-aa92-4c376140b08a", "email": "parishmm04@gmail.com", "source": "waitlist_resend", "email_verified": true, "phone_verified": false, "waitlist_entry_id": "5c9e40db-aa80-4d3b-b0b7-15041bc6d91a"}', 'email', '2025-12-17 15:49:43.68452+00', '2025-12-17 15:49:43.684573+00', '2025-12-17 15:49:43.684573+00', '45990b41-2ae4-47ca-9d80-c41dcdeba95d');
INSERT INTO auth.identities (provider_id, user_id, identity_data, provider, last_sign_in_at, created_at, updated_at, id) VALUES ('5eaee118-0b6d-4639-914e-381b89c53298', '5eaee118-0b6d-4639-914e-381b89c53298', '{"sub": "5eaee118-0b6d-4639-914e-381b89c53298", "email": "test@agta.com", "full_name": "M P", "last_name": "P", "first_name": "M", "email_verified": false, "phone_verified": false}', 'email', '2025-12-18 12:13:21.455472+00', '2025-12-18 12:13:21.455545+00', '2025-12-18 12:13:21.455545+00', '267c74ea-79dc-4dc4-b744-a7eff08dd67d');
INSERT INTO auth.identities (provider_id, user_id, identity_data, provider, last_sign_in_at, created_at, updated_at, id) VALUES ('49058ad3-95fd-4335-bf0e-dceff64d8226', '49058ad3-95fd-4335-bf0e-dceff64d8226', '{"sub": "49058ad3-95fd-4335-bf0e-dceff64d8226", "email": "maxtest@a.com", "full_name": "M Test", "last_name": "Test", "first_name": "M", "email_verified": false, "phone_verified": false}', 'email', '2025-12-18 12:18:12.51257+00', '2025-12-18 12:18:12.512624+00', '2025-12-18 12:18:12.512624+00', '917912c3-3dc4-4201-b017-de537d7a0765');
INSERT INTO auth.identities (provider_id, user_id, identity_data, provider, last_sign_in_at, created_at, updated_at, id) VALUES ('d7bd54a0-a3c4-4275-8bf8-b09d850414db', 'd7bd54a0-a3c4-4275-8bf8-b09d850414db', '{"sub": "d7bd54a0-a3c4-4275-8bf8-b09d850414db", "email": "drue+10@sixtyseconds.video", "full_name": "gfd hgf", "last_name": "hgf", "first_name": "gfd", "email_verified": true, "phone_verified": false}', 'email', '2025-12-18 12:26:33.490401+00', '2025-12-18 12:26:33.490454+00', '2025-12-18 12:26:33.490454+00', '11984a17-d4a5-40e9-94e0-c827b7513ec3');
INSERT INTO auth.identities (provider_id, user_id, identity_data, provider, last_sign_in_at, created_at, updated_at, id) VALUES ('984f24b8-923d-40e1-bf99-68cb15d8d2cb', '984f24b8-923d-40e1-bf99-68cb15d8d2cb', '{"sub": "984f24b8-923d-40e1-bf99-68cb15d8d2cb", "email": "andrew+22@sixtyseconds.video", "full_name": "Hele Bryce", "last_name": "Bryce", "first_name": "Hele", "email_verified": true, "phone_verified": false}', 'email', '2025-12-30 15:06:19.431347+00', '2025-12-30 15:06:19.431399+00', '2025-12-30 15:06:19.431399+00', '2939684f-ca25-469f-9e61-b861e1babedc');


--
-- Data for Name: organizations; Type: TABLE DATA; Schema: public; Owner: -
--

INSERT INTO public.organizations (id, name, created_by, created_at, updated_at, is_active, currency_code, currency_locale, company_domain, company_website, company_country_code, company_timezone, company_industry, company_size, company_bio, company_linkedin_url, company_enrichment_status, company_enriched_at, company_enrichment_confidence, company_enrichment_raw, onboarding_version, recording_settings, notification_settings) VALUES ('1d1b4274-c9c4-4cb7-9efc-243c90c86f4c', 'Sixty Seconds', '2b86fb3f-3b28-4a23-b63b-358d63b010fa', '2025-11-27 18:27:47.073815+00', '2025-12-18 12:13:40.987+00', true, 'GBP', 'en-GB', 'sixtyseconds.video', NULL, NULL, NULL, NULL, NULL, NULL, NULL, 'failed', NULL, NULL, '{"raw": "{\n  \"candidates\": [\n    {\n      \"content\": {\n        \"parts\": [\n          {\n            \"text\": \"{\\n  \\\"currency_code\\\": \\\"GBP\\\",\\n  \\\"currency_locale\\\": \\\"en-GB\\\",\\n  \\\"company_domain\\\": \\\"sixtyseconds.video\\\",\\n\"\n          }\n        ],\n        \"role\": \"model\"\n      },\n      \"finishReason\": \"MAX_TOKENS\",\n      \"index\": 0\n    }\n  ],\n  \"usageMetadata\": {\n    \"promptTokenCount\": 352,\n    \"candidatesTokenCount\": 37,\n    \"totalTokenCount\": 1537,\n    \"promptTokensDetails\": [\n      {\n        \"modality\": \"TEXT\",\n        \"tokenCount\": 352\n      }\n    ],\n    \"thoughtsTokenCount\": 1148\n  },\n  \"modelVersion\": \"gemini-2.5-flash\",\n  \"responseId\": \"9O9DaayhNtbNkdUPv9vK-Qw\"\n}\n", "error": "Gemini enrichment failed"}', 'v1', '{"bot_name": "60 Notetaker", "auto_record": true, "bot_image_url": "https://ygdpgliavpxeugaajgrb.supabase.co/storage/v1/object/public/Logos/ac4efca2-1fe1-49b3-9d5e-6ac3d8bf3459/Icon.png", "entry_message": "Hi! I''m here to take notes so {rep_name} can focus on our conversation. ", "webhook_token": "b37a6453-c210-4aad-96eb-9739dddf2a02", "join_all_meetings": true, "recordings_enabled": true, "auto_record_enabled": true, "meetingbaas_enabled": true, "entry_message_enabled": false, "auto_record_external_only": true, "auto_record_lead_time_minutes": 2, "default_transcription_provider": "gladia"}', '{"hitl_required": {"email": false, "slack": true, "in_app": true}, "recording_ready": {"email": false, "slack": true, "in_app": true}, "recording_failed": {"email": true, "slack": true, "in_app": true}, "recording_started": {"email": false, "slack": true, "in_app": true}}');
INSERT INTO public.organizations (id, name, created_by, created_at, updated_at, is_active, currency_code, currency_locale, company_domain, company_website, company_country_code, company_timezone, company_industry, company_size, company_bio, company_linkedin_url, company_enrichment_status, company_enriched_at, company_enrichment_confidence, company_enrichment_raw, onboarding_version, recording_settings, notification_settings) VALUES ('821bbbdb-174b-4ca7-b4cd-0872f328488c', 'andrew bryce''s Organization', '7091bab8-ddff-4b7f-8840-966d93130113', '2025-11-27 18:12:34.817179+00', '2025-11-27 18:12:34.817179+00', false, 'GBP', 'en-GB', NULL, NULL, NULL, NULL, NULL, NULL, NULL, NULL, 'not_started', NULL, NULL, NULL, 'v1', '{"bot_name": "60 Notetaker", "bot_image_url": null, "entry_message": "Hi! I''m here to take notes so {rep_name} can focus on our conversation. ", "webhook_token": "2a5efaf6-745c-43ec-93d1-2018a49fa459", "recordings_enabled": false, "auto_record_enabled": false, "meetingbaas_enabled": true, "entry_message_enabled": true, "auto_record_external_only": true, "auto_record_lead_time_minutes": 2, "default_transcription_provider": "gladia"}', '{"hitl_required": {"email": false, "slack": true, "in_app": true}, "recording_ready": {"email": false, "slack": true, "in_app": true}, "recording_failed": {"email": true, "slack": true, "in_app": true}, "recording_started": {"email": false, "slack": true, "in_app": true}}');
INSERT INTO public.organizations (id, name, created_by, created_at, updated_at, is_active, currency_code, currency_locale, company_domain, company_website, company_country_code, company_timezone, company_industry, company_size, company_bio, company_linkedin_url, company_enrichment_status, company_enriched_at, company_enrichment_confidence, company_enrichment_raw, onboarding_version, recording_settings, notification_settings) VALUES ('1370dfc1-d9da-4529-afc5-a58eac529999', 'Andrew Bryce''s Organization', 'ac4efca2-1fe1-49b3-9d5e-6ac3d8bf3459', '2025-12-02 11:59:57.580812+00', '2025-12-02 11:59:57.580812+00', false, 'GBP', 'en-GB', NULL, NULL, NULL, NULL, NULL, NULL, NULL, NULL, 'not_started', NULL, NULL, NULL, 'v1', '{"bot_name": "60 Notetaker", "bot_image_url": null, "entry_message": "Hi! I''m here to take notes so {rep_name} can focus on our conversation. ", "recordings_enabled": false, "auto_record_enabled": false, "entry_message_enabled": true, "auto_record_external_only": true, "auto_record_lead_time_minutes": 2, "default_transcription_provider": "gladia"}', '{"hitl_required": {"email": false, "slack": true, "in_app": true}, "recording_ready": {"email": false, "slack": true, "in_app": true}, "recording_failed": {"email": true, "slack": true, "in_app": true}, "recording_started": {"email": false, "slack": true, "in_app": true}}');
INSERT INTO public.organizations (id, name, created_by, created_at, updated_at, is_active, currency_code, currency_locale, company_domain, company_website, company_country_code, company_timezone, company_industry, company_size, company_bio, company_linkedin_url, company_enrichment_status, company_enriched_at, company_enrichment_confidence, company_enrichment_raw, onboarding_version, recording_settings, notification_settings) VALUES ('ad8902be-d397-49e7-a578-54a2fe541db9', 'Example', 'f3bcb17b-9ed9-4a54-a753-cbba7fe923cc', '2025-12-08 18:43:04.557229+00', '2025-12-08 18:43:04.557229+00', false, 'GBP', 'en-GB', NULL, NULL, NULL, NULL, NULL, NULL, NULL, NULL, 'not_started', NULL, NULL, NULL, 'v1', '{"bot_name": "60 Notetaker", "bot_image_url": null, "entry_message": "Hi! I''m here to take notes so {rep_name} can focus on our conversation. ", "recordings_enabled": false, "auto_record_enabled": false, "entry_message_enabled": true, "auto_record_external_only": true, "auto_record_lead_time_minutes": 2, "default_transcription_provider": "gladia"}', '{"hitl_required": {"email": false, "slack": true, "in_app": true}, "recording_ready": {"email": false, "slack": true, "in_app": true}, "recording_failed": {"email": true, "slack": true, "in_app": true}, "recording_started": {"email": false, "slack": true, "in_app": true}}');
INSERT INTO public.organizations (id, name, created_by, created_at, updated_at, is_active, currency_code, currency_locale, company_domain, company_website, company_country_code, company_timezone, company_industry, company_size, company_bio, company_linkedin_url, company_enrichment_status, company_enriched_at, company_enrichment_confidence, company_enrichment_raw, onboarding_version, recording_settings, notification_settings) VALUES ('15a49e9b-3e6e-4c13-a975-4815bc983026', 'Organization 2', '757b1991-f242-4cda-9e46-581a101fc822', '2025-11-27 17:01:41.734175+00', '2025-12-12 13:10:09.296234+00', false, 'GBP', 'en-GB', NULL, NULL, NULL, NULL, NULL, NULL, NULL, NULL, 'not_started', NULL, NULL, NULL, 'v1', '{"bot_name": "60 Notetaker", "bot_image_url": null, "entry_message": "Hi! I''m here to take notes so {rep_name} can focus on our conversation. ", "recordings_enabled": false, "auto_record_enabled": false, "entry_message_enabled": true, "auto_record_external_only": true, "auto_record_lead_time_minutes": 2, "default_transcription_provider": "gladia"}', '{"hitl_required": {"email": false, "slack": true, "in_app": true}, "recording_ready": {"email": false, "slack": true, "in_app": true}, "recording_failed": {"email": true, "slack": true, "in_app": true}, "recording_started": {"email": false, "slack": true, "in_app": true}}');
INSERT INTO public.organizations (id, name, created_by, created_at, updated_at, is_active, currency_code, currency_locale, company_domain, company_website, company_country_code, company_timezone, company_industry, company_size, company_bio, company_linkedin_url, company_enrichment_status, company_enriched_at, company_enrichment_confidence, company_enrichment_raw, onboarding_version, recording_settings, notification_settings) VALUES ('ca28851b-43a5-4970-b262-44c4bd517568', 'Organization 3', '08c6d965-54cd-4673-9fa2-8425d0c2273f', '2025-11-28 10:30:07.632302+00', '2025-12-12 13:10:09.296234+00', false, 'GBP', 'en-GB', NULL, NULL, NULL, NULL, NULL, NULL, NULL, NULL, 'not_started', NULL, NULL, NULL, 'v1', '{"bot_name": "60 Notetaker", "bot_image_url": null, "entry_message": "Hi! I''m here to take notes so {rep_name} can focus on our conversation. ", "recordings_enabled": false, "auto_record_enabled": false, "entry_message_enabled": true, "auto_record_external_only": true, "auto_record_lead_time_minutes": 2, "default_transcription_provider": "gladia"}', '{"hitl_required": {"email": false, "slack": true, "in_app": true}, "recording_ready": {"email": false, "slack": true, "in_app": true}, "recording_failed": {"email": true, "slack": true, "in_app": true}, "recording_started": {"email": false, "slack": true, "in_app": true}}');
INSERT INTO public.organizations (id, name, created_by, created_at, updated_at, is_active, currency_code, currency_locale, company_domain, company_website, company_country_code, company_timezone, company_industry, company_size, company_bio, company_linkedin_url, company_enrichment_status, company_enriched_at, company_enrichment_confidence, company_enrichment_raw, onboarding_version, recording_settings, notification_settings) VALUES ('20114627-3635-44a2-98ea-3775b2cd60e5', 'Example1', 'd382dc2d-999e-4d5c-bd4e-e218138eef31', '2025-12-17 14:52:08.96233+00', '2025-12-17 14:52:08.96233+00', false, 'GBP', 'en-GB', NULL, NULL, NULL, NULL, NULL, NULL, NULL, NULL, 'not_started', NULL, NULL, NULL, 'v1', '{"bot_name": "60 Notetaker", "bot_image_url": null, "entry_message": "Hi! I''m here to take notes so {rep_name} can focus on our conversation. ", "recordings_enabled": false, "auto_record_enabled": false, "entry_message_enabled": true, "auto_record_external_only": true, "auto_record_lead_time_minutes": 2, "default_transcription_provider": "gladia"}', '{"hitl_required": {"email": false, "slack": true, "in_app": true}, "recording_ready": {"email": false, "slack": true, "in_app": true}, "recording_failed": {"email": true, "slack": true, "in_app": true}, "recording_started": {"email": false, "slack": true, "in_app": true}}');
INSERT INTO public.organizations (id, name, created_by, created_at, updated_at, is_active, currency_code, currency_locale, company_domain, company_website, company_country_code, company_timezone, company_industry, company_size, company_bio, company_linkedin_url, company_enrichment_status, company_enriched_at, company_enrichment_confidence, company_enrichment_raw, onboarding_version, recording_settings, notification_settings) VALUES ('9eba5acb-c1f6-42cb-b53f-73e87f94ae7a', 'Digitalocean', '2d35fe13-2a5c-485c-83b3-bcb24c540b26', '2025-12-17 14:59:14.855817+00', '2025-12-17 14:59:14.855817+00', false, 'GBP', 'en-GB', NULL, NULL, NULL, NULL, NULL, NULL, NULL, NULL, 'not_started', NULL, NULL, NULL, 'v1', '{"bot_name": "60 Notetaker", "bot_image_url": null, "entry_message": "Hi! I''m here to take notes so {rep_name} can focus on our conversation. ", "recordings_enabled": false, "auto_record_enabled": false, "entry_message_enabled": true, "auto_record_external_only": true, "auto_record_lead_time_minutes": 2, "default_transcription_provider": "gladia"}', '{"hitl_required": {"email": false, "slack": true, "in_app": true}, "recording_ready": {"email": false, "slack": true, "in_app": true}, "recording_failed": {"email": true, "slack": true, "in_app": true}, "recording_started": {"email": false, "slack": true, "in_app": true}}');
INSERT INTO public.organizations (id, name, created_by, created_at, updated_at, is_active, currency_code, currency_locale, company_domain, company_website, company_country_code, company_timezone, company_industry, company_size, company_bio, company_linkedin_url, company_enrichment_status, company_enriched_at, company_enrichment_confidence, company_enrichment_raw, onboarding_version, recording_settings, notification_settings) VALUES ('46133daa-ae6b-474a-8960-d77452c3c32b', 'Gmail', 'b7ce3053-61b8-4edb-aa92-4c376140b08a', '2025-12-17 15:49:43.664604+00', '2025-12-17 15:49:43.664604+00', false, 'GBP', 'en-GB', NULL, NULL, NULL, NULL, NULL, NULL, NULL, NULL, 'not_started', NULL, NULL, NULL, 'v1', '{"bot_name": "60 Notetaker", "bot_image_url": null, "entry_message": "Hi! I''m here to take notes so {rep_name} can focus on our conversation. ", "recordings_enabled": false, "auto_record_enabled": false, "entry_message_enabled": true, "auto_record_external_only": true, "auto_record_lead_time_minutes": 2, "default_transcription_provider": "gladia"}', '{"hitl_required": {"email": false, "slack": true, "in_app": true}, "recording_ready": {"email": false, "slack": true, "in_app": true}, "recording_failed": {"email": true, "slack": true, "in_app": true}, "recording_started": {"email": false, "slack": true, "in_app": true}}');
INSERT INTO public.organizations (id, name, created_by, created_at, updated_at, is_active, currency_code, currency_locale, company_domain, company_website, company_country_code, company_timezone, company_industry, company_size, company_bio, company_linkedin_url, company_enrichment_status, company_enriched_at, company_enrichment_confidence, company_enrichment_raw, onboarding_version, recording_settings, notification_settings) VALUES ('49641e79-3b9a-4587-af2b-bb96a3d14676', 'gfd hgf''s Organization', 'd7bd54a0-a3c4-4275-8bf8-b09d850414db', '2025-12-18 12:26:33.478596+00', '2025-12-18 12:27:18.585+00', false, 'GBP', 'en-GB', 'sixtyseconds.video', NULL, NULL, NULL, NULL, NULL, NULL, NULL, 'failed', NULL, NULL, '{"raw": "{\n  \"candidates\": [\n    {\n      \"content\": {\n        \"parts\": [\n          {\n            \"text\": \"{\\n  \\\"company_domain\\\": \\\"sixtyseconds.video\\\",\\n  \\\"company_website\\\": \\\"https://sixtyseconds.video\\\",\\n  \\\"company_country_code\\\": \\\"US\\\",\\n  \\\"company_timezone\\\": \\\"America/Los_Angeles\\\",\\n  \\\"company_industry\\\": \\\"Software\\\",\\n  \\\"company_size\\\": \\\"11-50 employees\\\",\\n  \\\"company_bio\\\": \\\"SixtySeconds is an AI\"\n          }\n        ],\n        \"role\": \"model\"\n      },\n      \"finishReason\": \"MAX_TOKENS\",\n      \"index\": 0\n    }\n  ],\n  \"usageMetadata\": {\n    \"promptTokenCount\": 360,\n    \"candidatesTokenCount\": 97,\n    \"totalTokenCount\": 1545,\n    \"promptTokensDetails\": [\n      {\n        \"modality\": \"TEXT\",\n        \"tokenCount\": 360\n      }\n    ],\n    \"thoughtsTokenCount\": 1088\n  },\n  \"modelVersion\": \"gemini-2.5-flash\",\n  \"responseId\": \"JvNDafz6IPCUjMcP7ODh6Qg\"\n}\n", "error": "Gemini enrichment failed"}', 'v1', '{"bot_name": "60 Notetaker", "bot_image_url": null, "entry_message": "Hi! I''m here to take notes so {rep_name} can focus on our conversation. ", "recordings_enabled": false, "auto_record_enabled": false, "entry_message_enabled": true, "auto_record_external_only": true, "auto_record_lead_time_minutes": 2, "default_transcription_provider": "gladia"}', '{"hitl_required": {"email": false, "slack": true, "in_app": true}, "recording_ready": {"email": false, "slack": true, "in_app": true}, "recording_failed": {"email": true, "slack": true, "in_app": true}, "recording_started": {"email": false, "slack": true, "in_app": true}}');
INSERT INTO public.organizations (id, name, created_by, created_at, updated_at, is_active, currency_code, currency_locale, company_domain, company_website, company_country_code, company_timezone, company_industry, company_size, company_bio, company_linkedin_url, company_enrichment_status, company_enriched_at, company_enrichment_confidence, company_enrichment_raw, onboarding_version, recording_settings, notification_settings) VALUES ('e72fa9bf-1338-4a09-9e1d-ab4b8a27356c', 'Andrew Bryce''s Organization', 'c80fdcc3-29af-4f1e-84ba-a592d04364f3', '2025-12-16 12:42:28.584542+00', '2025-12-16 12:42:28.584542+00', false, 'GBP', 'en-GB', NULL, NULL, NULL, NULL, NULL, NULL, NULL, NULL, 'not_started', NULL, NULL, NULL, 'v1', '{"bot_name": "60 Notetaker", "bot_image_url": null, "entry_message": "Hi! I''m here to take notes so {rep_name} can focus on our conversation. ", "recordings_enabled": false, "auto_record_enabled": false, "entry_message_enabled": true, "auto_record_external_only": true, "auto_record_lead_time_minutes": 2, "default_transcription_provider": "gladia"}', '{"hitl_required": {"email": false, "slack": true, "in_app": true}, "recording_ready": {"email": false, "slack": true, "in_app": true}, "recording_failed": {"email": true, "slack": true, "in_app": true}, "recording_started": {"email": false, "slack": true, "in_app": true}}');
INSERT INTO public.organizations (id, name, created_by, created_at, updated_at, is_active, currency_code, currency_locale, company_domain, company_website, company_country_code, company_timezone, company_industry, company_size, company_bio, company_linkedin_url, company_enrichment_status, company_enriched_at, company_enrichment_confidence, company_enrichment_raw, onboarding_version, recording_settings, notification_settings) VALUES ('50962ec4-1302-40bd-9146-2e6e295af9be', 'Andrew Bryce''s Organization', 'a3829377-36d8-4f40-bcc0-ec9894ff76fe', '2025-12-16 12:43:07.472474+00', '2025-12-16 12:43:07.472474+00', false, 'GBP', 'en-GB', NULL, NULL, NULL, NULL, NULL, NULL, NULL, NULL, 'not_started', NULL, NULL, NULL, 'v1', '{"bot_name": "60 Notetaker", "bot_image_url": null, "entry_message": "Hi! I''m here to take notes so {rep_name} can focus on our conversation. ", "recordings_enabled": false, "auto_record_enabled": false, "entry_message_enabled": true, "auto_record_external_only": true, "auto_record_lead_time_minutes": 2, "default_transcription_provider": "gladia"}', '{"hitl_required": {"email": false, "slack": true, "in_app": true}, "recording_ready": {"email": false, "slack": true, "in_app": true}, "recording_failed": {"email": true, "slack": true, "in_app": true}, "recording_started": {"email": false, "slack": true, "in_app": true}}');
INSERT INTO public.organizations (id, name, created_by, created_at, updated_at, is_active, currency_code, currency_locale, company_domain, company_website, company_country_code, company_timezone, company_industry, company_size, company_bio, company_linkedin_url, company_enrichment_status, company_enriched_at, company_enrichment_confidence, company_enrichment_raw, onboarding_version, recording_settings, notification_settings) VALUES ('c0d405d7-117d-4c00-9c5b-25bf8a7801e3', 'M P''s Organization', '5eaee118-0b6d-4639-914e-381b89c53298', '2025-12-18 12:13:21.412615+00', '2025-12-18 12:13:21.412615+00', false, 'GBP', 'en-GB', NULL, NULL, NULL, NULL, NULL, NULL, NULL, NULL, 'not_started', NULL, NULL, NULL, 'v1', '{"bot_name": "60 Notetaker", "bot_image_url": null, "entry_message": "Hi! I''m here to take notes so {rep_name} can focus on our conversation. ", "recordings_enabled": false, "auto_record_enabled": false, "entry_message_enabled": true, "auto_record_external_only": true, "auto_record_lead_time_minutes": 2, "default_transcription_provider": "gladia"}', '{"hitl_required": {"email": false, "slack": true, "in_app": true}, "recording_ready": {"email": false, "slack": true, "in_app": true}, "recording_failed": {"email": true, "slack": true, "in_app": true}, "recording_started": {"email": false, "slack": true, "in_app": true}}');
INSERT INTO public.organizations (id, name, created_by, created_at, updated_at, is_active, currency_code, currency_locale, company_domain, company_website, company_country_code, company_timezone, company_industry, company_size, company_bio, company_linkedin_url, company_enrichment_status, company_enriched_at, company_enrichment_confidence, company_enrichment_raw, onboarding_version, recording_settings, notification_settings) VALUES ('d9df5f2a-2fd2-4b6f-aa26-673413b7b453', 'Sixtytester', '827507ec-b9f9-4667-b02e-dbacb7a549bb', '2025-11-27 17:20:23.331334+00', '2025-11-27 17:20:23.331334+00', false, 'GBP', 'en-GB', NULL, NULL, NULL, NULL, NULL, NULL, NULL, NULL, 'not_started', NULL, NULL, NULL, 'v1', '{"bot_name": "60 Notetaker", "bot_image_url": null, "entry_message": "Hi! I''m here to take notes so {rep_name} can focus on our conversation. ", "recordings_enabled": false, "auto_record_enabled": false, "entry_message_enabled": true, "auto_record_external_only": true, "auto_record_lead_time_minutes": 2, "default_transcription_provider": "gladia"}', '{"hitl_required": {"email": false, "slack": true, "in_app": true}, "recording_ready": {"email": false, "slack": true, "in_app": true}, "recording_failed": {"email": true, "slack": true, "in_app": true}, "recording_started": {"email": false, "slack": true, "in_app": true}}');
INSERT INTO public.organizations (id, name, created_by, created_at, updated_at, is_active, currency_code, currency_locale, company_domain, company_website, company_country_code, company_timezone, company_industry, company_size, company_bio, company_linkedin_url, company_enrichment_status, company_enriched_at, company_enrichment_confidence, company_enrichment_raw, onboarding_version, recording_settings, notification_settings) VALUES ('8154f754-b3fa-4e13-ac57-89a32f6ac989', 'SixtyTest', '97940fa0-85fb-4838-85c0-3ca8cfbcd0dd', '2025-11-27 17:44:08.250293+00', '2025-11-27 17:44:08.250293+00', false, 'GBP', 'en-GB', NULL, NULL, NULL, NULL, NULL, NULL, NULL, NULL, 'not_started', NULL, NULL, NULL, 'v1', '{"bot_name": "60 Notetaker", "bot_image_url": null, "entry_message": "Hi! I''m here to take notes so {rep_name} can focus on our conversation. ", "recordings_enabled": false, "auto_record_enabled": false, "entry_message_enabled": true, "auto_record_external_only": true, "auto_record_lead_time_minutes": 2, "default_transcription_provider": "gladia"}', '{"hitl_required": {"email": false, "slack": true, "in_app": true}, "recording_ready": {"email": false, "slack": true, "in_app": true}, "recording_failed": {"email": true, "slack": true, "in_app": true}, "recording_started": {"email": false, "slack": true, "in_app": true}}');
INSERT INTO public.organizations (id, name, created_by, created_at, updated_at, is_active, currency_code, currency_locale, company_domain, company_website, company_country_code, company_timezone, company_industry, company_size, company_bio, company_linkedin_url, company_enrichment_status, company_enriched_at, company_enrichment_confidence, company_enrichment_raw, onboarding_version, recording_settings, notification_settings) VALUES ('980c352e-4adb-4359-835d-afd3eed925f1', 'SixtyTest22', '475bdb05-01ea-4a16-b9fc-96414e2f521a', '2025-11-27 18:00:00.278041+00', '2025-11-27 18:00:00.278041+00', false, 'GBP', 'en-GB', NULL, NULL, NULL, NULL, NULL, NULL, NULL, NULL, 'not_started', NULL, NULL, NULL, 'v1', '{"bot_name": "60 Notetaker", "bot_image_url": null, "entry_message": "Hi! I''m here to take notes so {rep_name} can focus on our conversation. ", "recordings_enabled": false, "auto_record_enabled": false, "entry_message_enabled": true, "auto_record_external_only": true, "auto_record_lead_time_minutes": 2, "default_transcription_provider": "gladia"}', '{"hitl_required": {"email": false, "slack": true, "in_app": true}, "recording_ready": {"email": false, "slack": true, "in_app": true}, "recording_failed": {"email": true, "slack": true, "in_app": true}, "recording_started": {"email": false, "slack": true, "in_app": true}}');
INSERT INTO public.organizations (id, name, created_by, created_at, updated_at, is_active, currency_code, currency_locale, company_domain, company_website, company_country_code, company_timezone, company_industry, company_size, company_bio, company_linkedin_url, company_enrichment_status, company_enriched_at, company_enrichment_confidence, company_enrichment_raw, onboarding_version, recording_settings, notification_settings) VALUES ('7d2824e7-bf41-4778-9d34-00c95c15afd5', 'test', NULL, '2025-11-27 10:15:13.939291+00', '2025-12-16 10:34:04.883806+00', false, 'GBP', 'en-GB', NULL, NULL, NULL, NULL, NULL, NULL, NULL, NULL, 'not_started', NULL, NULL, NULL, 'v1', '{"bot_name": "60 Notetaker", "bot_image_url": null, "entry_message": "Hi! I''m here to take notes so {rep_name} can focus on our conversation. ", "recordings_enabled": false, "auto_record_enabled": false, "entry_message_enabled": true, "auto_record_external_only": true, "auto_record_lead_time_minutes": 2, "default_transcription_provider": "gladia"}', '{"hitl_required": {"email": false, "slack": true, "in_app": true}, "recording_ready": {"email": false, "slack": true, "in_app": true}, "recording_failed": {"email": true, "slack": true, "in_app": true}, "recording_started": {"email": false, "slack": true, "in_app": true}}');
INSERT INTO public.organizations (id, name, created_by, created_at, updated_at, is_active, currency_code, currency_locale, company_domain, company_website, company_country_code, company_timezone, company_industry, company_size, company_bio, company_linkedin_url, company_enrichment_status, company_enriched_at, company_enrichment_confidence, company_enrichment_raw, onboarding_version, recording_settings, notification_settings) VALUES ('6bd42689-6bbe-4d47-b5b6-07dfb8c02a11', 'M Test''s Organization', '49058ad3-95fd-4335-bf0e-dceff64d8226', '2025-12-18 12:18:12.499582+00', '2025-12-18 12:18:12.499582+00', false, 'GBP', 'en-GB', NULL, NULL, NULL, NULL, NULL, NULL, NULL, NULL, 'not_started', NULL, NULL, NULL, 'v1', '{"bot_name": "60 Notetaker", "bot_image_url": null, "entry_message": "Hi! I''m here to take notes so {rep_name} can focus on our conversation. ", "recordings_enabled": false, "auto_record_enabled": false, "entry_message_enabled": true, "auto_record_external_only": true, "auto_record_lead_time_minutes": 2, "default_transcription_provider": "gladia"}', '{"hitl_required": {"email": false, "slack": true, "in_app": true}, "recording_ready": {"email": false, "slack": true, "in_app": true}, "recording_failed": {"email": true, "slack": true, "in_app": true}, "recording_started": {"email": false, "slack": true, "in_app": true}}');
INSERT INTO public.organizations (id, name, created_by, created_at, updated_at, is_active, currency_code, currency_locale, company_domain, company_website, company_country_code, company_timezone, company_industry, company_size, company_bio, company_linkedin_url, company_enrichment_status, company_enriched_at, company_enrichment_confidence, company_enrichment_raw, onboarding_version, recording_settings, notification_settings) VALUES ('9bd50bda-96be-4f85-8ca8-fcec6323f524', 'Hele Bryce''s Organization', '984f24b8-923d-40e1-bf99-68cb15d8d2cb', '2025-12-30 15:06:19.373165+00', '2025-12-30 15:06:19.373165+00', true, 'GBP', 'en-GB', NULL, NULL, NULL, NULL, NULL, NULL, NULL, NULL, 'not_started', NULL, NULL, NULL, 'v1', '{"bot_name": "60 Notetaker", "bot_image_url": null, "entry_message": "Hi! I''m here to take notes so {rep_name} can focus on our conversation. ", "recordings_enabled": false, "auto_record_enabled": false, "entry_message_enabled": true, "auto_record_external_only": true, "auto_record_lead_time_minutes": 2, "default_transcription_provider": "gladia"}', '{"hitl_required": {"email": false, "slack": true, "in_app": true}, "recording_ready": {"email": false, "slack": true, "in_app": true}, "recording_failed": {"email": true, "slack": true, "in_app": true}, "recording_started": {"email": false, "slack": true, "in_app": true}}');
INSERT INTO public.organizations (id, name, created_by, created_at, updated_at, is_active, currency_code, currency_locale, company_domain, company_website, company_country_code, company_timezone, company_industry, company_size, company_bio, company_linkedin_url, company_enrichment_status, company_enriched_at, company_enrichment_confidence, company_enrichment_raw, onboarding_version, recording_settings, notification_settings) VALUES ('07bf11e8-33f8-4208-9bb1-294cf0664ba0', 'JaJaJa', NULL, '2025-12-02 23:34:08.190204+00', '2025-12-08 19:30:17.743529+00', false, 'GBP', 'en-GB', NULL, NULL, NULL, NULL, NULL, NULL, NULL, NULL, 'not_started', NULL, NULL, NULL, 'v1', '{"bot_name": "60 Notetaker", "bot_image_url": null, "entry_message": "Hi! I''m here to take notes so {rep_name} can focus on our conversation. ", "recordings_enabled": false, "auto_record_enabled": false, "entry_message_enabled": true, "auto_record_external_only": true, "auto_record_lead_time_minutes": 2, "default_transcription_provider": "gladia"}', '{"hitl_required": {"email": false, "slack": true, "in_app": true}, "recording_ready": {"email": false, "slack": true, "in_app": true}, "recording_failed": {"email": true, "slack": true, "in_app": true}, "recording_started": {"email": false, "slack": true, "in_app": true}}');
INSERT INTO public.organizations (id, name, created_by, created_at, updated_at, is_active, currency_code, currency_locale, company_domain, company_website, company_country_code, company_timezone, company_industry, company_size, company_bio, company_linkedin_url, company_enrichment_status, company_enriched_at, company_enrichment_confidence, company_enrichment_raw, onboarding_version, recording_settings, notification_settings) VALUES ('16af55d7-a400-4c71-baac-6aee340e2c79', 'Andrew bryce''s Organization', NULL, '2025-12-30 19:29:41.264163+00', '2025-12-30 19:29:41.264163+00', true, 'GBP', 'en-GB', NULL, NULL, NULL, NULL, NULL, NULL, NULL, NULL, 'not_started', NULL, NULL, NULL, 'v1', '{"bot_name": "60 Notetaker", "bot_image_url": null, "entry_message": "Hi! I''m here to take notes so {rep_name} can focus on our conversation. ", "recordings_enabled": false, "auto_record_enabled": false, "entry_message_enabled": true, "auto_record_external_only": true, "auto_record_lead_time_minutes": 2, "default_transcription_provider": "gladia"}', '{"hitl_required": {"email": false, "slack": true, "in_app": true}, "recording_ready": {"email": false, "slack": true, "in_app": true}, "recording_failed": {"email": true, "slack": true, "in_app": true}, "recording_started": {"email": false, "slack": true, "in_app": true}}');


--
-- Data for Name: organization_memberships; Type: TABLE DATA; Schema: public; Owner: -
--

INSERT INTO public.organization_memberships (org_id, user_id, role, created_at, updated_at) VALUES ('7d2824e7-bf41-4778-9d34-00c95c15afd5', 'a7cb530f-36a7-4534-a7a1-3f424ff91bb9', 'owner', '2025-11-27 10:15:13.939291+00', '2025-11-27 10:15:13.939291+00');
INSERT INTO public.organization_memberships (org_id, user_id, role, created_at, updated_at) VALUES ('7d2824e7-bf41-4778-9d34-00c95c15afd5', '4105544a-5b1b-4811-8723-d436bb39f9ec', 'owner', '2025-11-27 10:15:13.939291+00', '2025-11-27 10:15:13.939291+00');
INSERT INTO public.organization_memberships (org_id, user_id, role, created_at, updated_at) VALUES ('7d2824e7-bf41-4778-9d34-00c95c15afd5', 'bf9c3ec4-70ba-43aa-95d9-4308898b60dc', 'owner', '2025-11-27 10:15:13.939291+00', '2025-11-27 10:15:13.939291+00');
INSERT INTO public.organization_memberships (org_id, user_id, role, created_at, updated_at) VALUES ('7d2824e7-bf41-4778-9d34-00c95c15afd5', '0069cfdb-dd87-4ea2-93d5-fd87dba36885', 'owner', '2025-11-27 10:15:13.939291+00', '2025-11-27 10:15:13.939291+00');
INSERT INTO public.organization_memberships (org_id, user_id, role, created_at, updated_at) VALUES ('7d2824e7-bf41-4778-9d34-00c95c15afd5', 'e4bb01b1-51ea-425a-ac74-0e5b5fd585c1', 'owner', '2025-11-27 10:15:13.939291+00', '2025-11-27 10:15:13.939291+00');
INSERT INTO public.organization_memberships (org_id, user_id, role, created_at, updated_at) VALUES ('7d2824e7-bf41-4778-9d34-00c95c15afd5', 'aed1dd89-116a-4ce8-a0a9-e0cb6a8b3ea0', 'owner', '2025-11-27 10:15:13.939291+00', '2025-11-27 10:15:13.939291+00');
INSERT INTO public.organization_memberships (org_id, user_id, role, created_at, updated_at) VALUES ('7d2824e7-bf41-4778-9d34-00c95c15afd5', 'a3dfd2e5-7882-4158-9610-468edabd9abd', 'owner', '2025-11-27 10:15:13.939291+00', '2025-11-27 10:15:13.939291+00');
INSERT INTO public.organization_memberships (org_id, user_id, role, created_at, updated_at) VALUES ('7d2824e7-bf41-4778-9d34-00c95c15afd5', 'e783d627-bbc6-4fac-b7d0-3913cb45b4b8', 'owner', '2025-11-27 10:15:13.939291+00', '2025-11-27 10:15:13.939291+00');
INSERT INTO public.organization_memberships (org_id, user_id, role, created_at, updated_at) VALUES ('7d2824e7-bf41-4778-9d34-00c95c15afd5', '2b5c8ec1-3b51-4f10-9b53-26fe8dc0da0a', 'owner', '2025-11-27 10:15:13.939291+00', '2025-11-27 10:15:13.939291+00');
INSERT INTO public.organization_memberships (org_id, user_id, role, created_at, updated_at) VALUES ('7d2824e7-bf41-4778-9d34-00c95c15afd5', '8784f557-2a15-46a2-808e-cef5ca2bbe25', 'owner', '2025-11-27 10:15:13.939291+00', '2025-11-27 10:15:13.939291+00');
INSERT INTO public.organization_memberships (org_id, user_id, role, created_at, updated_at) VALUES ('7d2824e7-bf41-4778-9d34-00c95c15afd5', 'd07ae8b1-f711-4f5c-bef7-ed562987d38d', 'owner', '2025-11-27 10:15:13.939291+00', '2025-11-27 10:15:13.939291+00');
INSERT INTO public.organization_memberships (org_id, user_id, role, created_at, updated_at) VALUES ('15a49e9b-3e6e-4c13-a975-4815bc983026', '757b1991-f242-4cda-9e46-581a101fc822', 'owner', '2025-11-27 17:01:41.942872+00', '2025-11-27 17:01:41.942872+00');
INSERT INTO public.organization_memberships (org_id, user_id, role, created_at, updated_at) VALUES ('d9df5f2a-2fd2-4b6f-aa26-673413b7b453', '827507ec-b9f9-4667-b02e-dbacb7a549bb', 'owner', '2025-11-27 17:20:23.532308+00', '2025-11-27 17:20:23.532308+00');
INSERT INTO public.organization_memberships (org_id, user_id, role, created_at, updated_at) VALUES ('8154f754-b3fa-4e13-ac57-89a32f6ac989', '97940fa0-85fb-4838-85c0-3ca8cfbcd0dd', 'owner', '2025-11-27 17:44:08.441478+00', '2025-11-27 17:44:08.441478+00');
INSERT INTO public.organization_memberships (org_id, user_id, role, created_at, updated_at) VALUES ('980c352e-4adb-4359-835d-afd3eed925f1', '475bdb05-01ea-4a16-b9fc-96414e2f521a', 'owner', '2025-11-27 18:00:00.462235+00', '2025-11-27 18:00:00.462235+00');
INSERT INTO public.organization_memberships (org_id, user_id, role, created_at, updated_at) VALUES ('821bbbdb-174b-4ca7-b4cd-0872f328488c', '7091bab8-ddff-4b7f-8840-966d93130113', 'owner', '2025-11-27 18:12:35.035376+00', '2025-11-27 18:12:35.035376+00');
INSERT INTO public.organization_memberships (org_id, user_id, role, created_at, updated_at) VALUES ('1d1b4274-c9c4-4cb7-9efc-243c90c86f4c', '2b86fb3f-3b28-4a23-b63b-358d63b010fa', 'owner', '2025-11-27 18:27:47.271182+00', '2025-11-27 18:27:47.271182+00');
INSERT INTO public.organization_memberships (org_id, user_id, role, created_at, updated_at) VALUES ('ca28851b-43a5-4970-b262-44c4bd517568', '08c6d965-54cd-4673-9fa2-8425d0c2273f', 'owner', '2025-11-28 10:30:07.83444+00', '2025-11-28 10:30:07.83444+00');
INSERT INTO public.organization_memberships (org_id, user_id, role, created_at, updated_at) VALUES ('07bf11e8-33f8-4208-9bb1-294cf0664ba0', '827507ec-b9f9-4667-b02e-dbacb7a549bb', 'owner', '2025-12-02 23:34:08.190204+00', '2025-12-02 23:34:08.190204+00');
INSERT INTO public.organization_memberships (org_id, user_id, role, created_at, updated_at) VALUES ('07bf11e8-33f8-4208-9bb1-294cf0664ba0', '97940fa0-85fb-4838-85c0-3ca8cfbcd0dd', 'owner', '2025-12-02 23:34:08.190204+00', '2025-12-02 23:34:08.190204+00');
INSERT INTO public.organization_memberships (org_id, user_id, role, created_at, updated_at) VALUES ('07bf11e8-33f8-4208-9bb1-294cf0664ba0', '475bdb05-01ea-4a16-b9fc-96414e2f521a', 'owner', '2025-12-02 23:34:08.190204+00', '2025-12-02 23:34:08.190204+00');
INSERT INTO public.organization_memberships (org_id, user_id, role, created_at, updated_at) VALUES ('07bf11e8-33f8-4208-9bb1-294cf0664ba0', '7091bab8-ddff-4b7f-8840-966d93130113', 'owner', '2025-12-02 23:34:08.190204+00', '2025-12-02 23:34:08.190204+00');
INSERT INTO public.organization_memberships (org_id, user_id, role, created_at, updated_at) VALUES ('07bf11e8-33f8-4208-9bb1-294cf0664ba0', '2b86fb3f-3b28-4a23-b63b-358d63b010fa', 'owner', '2025-12-02 23:34:08.190204+00', '2025-12-02 23:34:08.190204+00');
INSERT INTO public.organization_memberships (org_id, user_id, role, created_at, updated_at) VALUES ('07bf11e8-33f8-4208-9bb1-294cf0664ba0', '08c6d965-54cd-4673-9fa2-8425d0c2273f', 'owner', '2025-12-02 23:34:08.190204+00', '2025-12-02 23:34:08.190204+00');
INSERT INTO public.organization_memberships (org_id, user_id, role, created_at, updated_at) VALUES ('07bf11e8-33f8-4208-9bb1-294cf0664ba0', '757b1991-f242-4cda-9e46-581a101fc822', 'owner', '2025-12-02 23:34:08.190204+00', '2025-12-02 23:34:08.190204+00');
INSERT INTO public.organization_memberships (org_id, user_id, role, created_at, updated_at) VALUES ('07bf11e8-33f8-4208-9bb1-294cf0664ba0', 'bf9c3ec4-70ba-43aa-95d9-4308898b60dc', 'owner', '2025-12-02 23:34:08.190204+00', '2025-12-02 23:34:08.190204+00');
INSERT INTO public.organization_memberships (org_id, user_id, role, created_at, updated_at) VALUES ('07bf11e8-33f8-4208-9bb1-294cf0664ba0', '0069cfdb-dd87-4ea2-93d5-fd87dba36885', 'owner', '2025-12-02 23:34:08.190204+00', '2025-12-02 23:34:08.190204+00');
INSERT INTO public.organization_memberships (org_id, user_id, role, created_at, updated_at) VALUES ('07bf11e8-33f8-4208-9bb1-294cf0664ba0', 'e783d627-bbc6-4fac-b7d0-3913cb45b4b8', 'owner', '2025-12-02 23:34:08.190204+00', '2025-12-02 23:34:08.190204+00');
INSERT INTO public.organization_memberships (org_id, user_id, role, created_at, updated_at) VALUES ('07bf11e8-33f8-4208-9bb1-294cf0664ba0', 'e4bb01b1-51ea-425a-ac74-0e5b5fd585c1', 'owner', '2025-12-02 23:34:08.190204+00', '2025-12-02 23:34:08.190204+00');
INSERT INTO public.organization_memberships (org_id, user_id, role, created_at, updated_at) VALUES ('ad8902be-d397-49e7-a578-54a2fe541db9', 'f3bcb17b-9ed9-4a54-a753-cbba7fe923cc', 'owner', '2025-12-08 18:43:04.557229+00', '2025-12-08 18:43:04.557229+00');
INSERT INTO public.organization_memberships (org_id, user_id, role, created_at, updated_at) VALUES ('1370dfc1-d9da-4529-afc5-a58eac529999', 'e783d627-bbc6-4fac-b7d0-3913cb45b4b8', 'member', '2025-12-09 08:35:34.276258+00', '2025-12-09 08:35:34.276258+00');
INSERT INTO public.organization_memberships (org_id, user_id, role, created_at, updated_at) VALUES ('1d1b4274-c9c4-4cb7-9efc-243c90c86f4c', 'ac4efca2-1fe1-49b3-9d5e-6ac3d8bf3459', 'owner', '2025-12-12 13:16:35.20636+00', '2025-12-14 17:07:32.341567+00');
INSERT INTO public.organization_memberships (org_id, user_id, role, created_at, updated_at) VALUES ('1d1b4274-c9c4-4cb7-9efc-243c90c86f4c', 'e783d627-bbc6-4fac-b7d0-3913cb45b4b8', 'member', '2025-12-14 21:32:25.384152+00', '2025-12-14 21:32:25.384152+00');
INSERT INTO public.organization_memberships (org_id, user_id, role, created_at, updated_at) VALUES ('1d1b4274-c9c4-4cb7-9efc-243c90c86f4c', 'acf9cc34-ccad-4363-be67-8e381a912669', 'member', '2025-12-15 17:09:27.488545+00', '2025-12-15 17:09:27.488545+00');
INSERT INTO public.organization_memberships (org_id, user_id, role, created_at, updated_at) VALUES ('e72fa9bf-1338-4a09-9e1d-ab4b8a27356c', 'c80fdcc3-29af-4f1e-84ba-a592d04364f3', 'owner', '2025-12-16 12:42:28.584542+00', '2025-12-16 12:42:28.584542+00');
INSERT INTO public.organization_memberships (org_id, user_id, role, created_at, updated_at) VALUES ('50962ec4-1302-40bd-9146-2e6e295af9be', 'a3829377-36d8-4f40-bcc0-ec9894ff76fe', 'owner', '2025-12-16 12:43:07.472474+00', '2025-12-16 12:43:07.472474+00');
INSERT INTO public.organization_memberships (org_id, user_id, role, created_at, updated_at) VALUES ('20114627-3635-44a2-98ea-3775b2cd60e5', 'd382dc2d-999e-4d5c-bd4e-e218138eef31', 'owner', '2025-12-17 14:52:08.96233+00', '2025-12-17 14:52:08.96233+00');
INSERT INTO public.organization_memberships (org_id, user_id, role, created_at, updated_at) VALUES ('9eba5acb-c1f6-42cb-b53f-73e87f94ae7a', '2d35fe13-2a5c-485c-83b3-bcb24c540b26', 'owner', '2025-12-17 14:59:14.855817+00', '2025-12-17 14:59:14.855817+00');
INSERT INTO public.organization_memberships (org_id, user_id, role, created_at, updated_at) VALUES ('46133daa-ae6b-474a-8960-d77452c3c32b', 'b7ce3053-61b8-4edb-aa92-4c376140b08a', 'owner', '2025-12-17 15:49:43.664604+00', '2025-12-17 15:49:43.664604+00');
INSERT INTO public.organization_memberships (org_id, user_id, role, created_at, updated_at) VALUES ('07bf11e8-33f8-4208-9bb1-294cf0664ba0', '55ee620c-b7bd-40f0-aaa5-d96bc61b0236', 'member', '2025-12-18 11:22:57.457796+00', '2025-12-18 11:22:57.457796+00');
INSERT INTO public.organization_memberships (org_id, user_id, role, created_at, updated_at) VALUES ('c0d405d7-117d-4c00-9c5b-25bf8a7801e3', '5eaee118-0b6d-4639-914e-381b89c53298', 'owner', '2025-12-18 12:13:21.412615+00', '2025-12-18 12:13:21.412615+00');
INSERT INTO public.organization_memberships (org_id, user_id, role, created_at, updated_at) VALUES ('6bd42689-6bbe-4d47-b5b6-07dfb8c02a11', '49058ad3-95fd-4335-bf0e-dceff64d8226', 'owner', '2025-12-18 12:18:12.499582+00', '2025-12-18 12:18:12.499582+00');
INSERT INTO public.organization_memberships (org_id, user_id, role, created_at, updated_at) VALUES ('49641e79-3b9a-4587-af2b-bb96a3d14676', 'd7bd54a0-a3c4-4275-8bf8-b09d850414db', 'owner', '2025-12-18 12:26:33.478596+00', '2025-12-18 12:26:33.478596+00');
INSERT INTO public.organization_memberships (org_id, user_id, role, created_at, updated_at) VALUES ('9bd50bda-96be-4f85-8ca8-fcec6323f524', '984f24b8-923d-40e1-bf99-68cb15d8d2cb', 'owner', '2025-12-30 15:06:19.373165+00', '2025-12-30 15:06:19.373165+00');


--
-- Data for Name: profiles; Type: TABLE DATA; Schema: public; Owner: -
--

INSERT INTO public.profiles (id, first_name, last_name, email, stage, avatar_url, created_at, updated_at, is_admin, clerk_user_id, last_login_at, auth_provider, bio, working_hours_start, working_hours_end, timezone, week_starts_on) VALUES ('757b1991-f242-4cda-9e46-581a101fc822', 'Andrew', 'Bryce', 'andrew@sixtyseconds.video', 'Trainee', NULL, '2025-11-27 15:41:46.559485+00', '2025-11-27 15:41:46.559485+00', false, NULL, '2025-11-27 16:44:28.233864+00', 'supabase', NULL, 8, 18, NULL, 1);
INSERT INTO public.profiles (id, first_name, last_name, email, stage, avatar_url, created_at, updated_at, is_admin, clerk_user_id, last_login_at, auth_provider, bio, working_hours_start, working_hours_end, timezone, week_starts_on) VALUES ('827507ec-b9f9-4667-b02e-dbacb7a549bb', 'Andrew', 'Bryce', 'andrew+1@sixtyseconds.video', 'Trainee', NULL, '2025-11-27 17:18:52.028149+00', '2025-11-27 17:18:52.028149+00', false, NULL, '2025-11-27 17:20:13.32661+00', 'supabase', NULL, 8, 18, NULL, 1);
INSERT INTO public.profiles (id, first_name, last_name, email, stage, avatar_url, created_at, updated_at, is_admin, clerk_user_id, last_login_at, auth_provider, bio, working_hours_start, working_hours_end, timezone, week_starts_on) VALUES ('475bdb05-01ea-4a16-b9fc-96414e2f521a', 'Andrew', 'Bryce', 'andrew+3@sixtyseconds.video', 'Trainee', NULL, '2025-11-27 17:58:54.961474+00', '2025-11-27 17:58:54.961474+00', false, NULL, '2025-11-27 17:59:32.890314+00', 'supabase', NULL, 8, 18, NULL, 1);
INSERT INTO public.profiles (id, first_name, last_name, email, stage, avatar_url, created_at, updated_at, is_admin, clerk_user_id, last_login_at, auth_provider, bio, working_hours_start, working_hours_end, timezone, week_starts_on) VALUES ('2b86fb3f-3b28-4a23-b63b-358d63b010fa', 'andrew', 'bryce', 'andrew+5@sixtyseconds.video', 'Trainee', NULL, '2025-11-27 18:26:56.619381+00', '2025-11-27 18:26:56.619381+00', false, NULL, '2025-11-27 19:45:59.351065+00', 'supabase', NULL, 8, 18, NULL, 1);
INSERT INTO public.profiles (id, first_name, last_name, email, stage, avatar_url, created_at, updated_at, is_admin, clerk_user_id, last_login_at, auth_provider, bio, working_hours_start, working_hours_end, timezone, week_starts_on) VALUES ('bf9c3ec4-70ba-43aa-95d9-4308898b60dc', 'James', 'Lord', 'james.lord@sixtyseconds.video', 'Senior', NULL, '2025-04-03 11:31:35.820121+00', '2025-09-10 14:28:49.243+00', false, NULL, '2025-04-03 11:31:35.842389+00', 'supabase', NULL, 8, 18, NULL, 1);
INSERT INTO public.profiles (id, first_name, last_name, email, stage, avatar_url, created_at, updated_at, is_admin, clerk_user_id, last_login_at, auth_provider, bio, working_hours_start, working_hours_end, timezone, week_starts_on) VALUES ('e4bb01b1-51ea-425a-ac74-0e5b5fd585c1', 'Steve', 'Gibson', 'steve.gibson@sixtyseconds.video', 'Manager', NULL, '2025-01-27 15:58:03.011752+00', '2025-09-10 14:28:48.881+00', true, NULL, '2025-09-02 09:49:49.422922+00', 'supabase', NULL, 8, 18, NULL, 1);
INSERT INTO public.profiles (id, first_name, last_name, email, stage, avatar_url, created_at, updated_at, is_admin, clerk_user_id, last_login_at, auth_provider, bio, working_hours_start, working_hours_end, timezone, week_starts_on) VALUES ('a6b9b591-4036-42a8-be7e-8397f9f3f1f4', 'Andrew', 'Bryce', 'brycey23@icloud.com', 'Trainee', NULL, '2025-11-27 16:27:52.786642+00', '2025-11-27 16:27:52.786642+00', false, NULL, '2025-11-27 16:30:23.223166+00', 'supabase', NULL, 8, 18, NULL, 1);
INSERT INTO public.profiles (id, first_name, last_name, email, stage, avatar_url, created_at, updated_at, is_admin, clerk_user_id, last_login_at, auth_provider, bio, working_hours_start, working_hours_end, timezone, week_starts_on) VALUES ('8784f557-2a15-46a2-808e-cef5ca2bbe25', 'Test', 'User', 'test@playwright.local', 'Trainee', NULL, '2025-09-01 18:38:42.704493+00', '2025-09-01 18:38:42.704493+00', false, NULL, '2025-09-13 21:45:10.667886+00', 'supabase', NULL, 8, 18, NULL, 1);
INSERT INTO public.profiles (id, first_name, last_name, email, stage, avatar_url, created_at, updated_at, is_admin, clerk_user_id, last_login_at, auth_provider, bio, working_hours_start, working_hours_end, timezone, week_starts_on) VALUES ('97940fa0-85fb-4838-85c0-3ca8cfbcd0dd', 'andrew', 'bryce', 'andrew+2@sixtyseconds.video', 'Trainee', NULL, '2025-11-27 17:43:31.589693+00', '2025-11-27 17:43:31.589693+00', false, NULL, '2025-11-27 17:43:57.264738+00', 'supabase', NULL, 8, 18, NULL, 1);
INSERT INTO public.profiles (id, first_name, last_name, email, stage, avatar_url, created_at, updated_at, is_admin, clerk_user_id, last_login_at, auth_provider, bio, working_hours_start, working_hours_end, timezone, week_starts_on) VALUES ('7091bab8-ddff-4b7f-8840-966d93130113', 'andrew', 'bryce', 'andrew+4@sixtyseconds.video', 'Trainee', NULL, '2025-11-27 18:11:44.479525+00', '2025-11-27 18:11:44.479525+00', false, NULL, '2025-11-27 18:12:02.157121+00', 'supabase', NULL, 8, 18, NULL, 1);
INSERT INTO public.profiles (id, first_name, last_name, email, stage, avatar_url, created_at, updated_at, is_admin, clerk_user_id, last_login_at, auth_provider, bio, working_hours_start, working_hours_end, timezone, week_starts_on) VALUES ('08c6d965-54cd-4673-9fa2-8425d0c2273f', 'andrew', 'bryce', 'andrew+6@sixtyseconds.video', 'Trainee', NULL, '2025-11-28 10:29:21.536072+00', '2025-11-28 10:29:21.536072+00', false, NULL, '2025-11-28 10:29:59.804517+00', 'supabase', NULL, 8, 18, NULL, 1);
INSERT INTO public.profiles (id, first_name, last_name, email, stage, avatar_url, created_at, updated_at, is_admin, clerk_user_id, last_login_at, auth_provider, bio, working_hours_start, working_hours_end, timezone, week_starts_on) VALUES ('ac4efca2-1fe1-49b3-9d5e-6ac3d8bf3459', 'Andrew', 'Bryce', 'andrew.bryce@sixtyseconds.video', 'Director', 'https://ygdpgliavpxeugaajgrb.supabase.co/storage/v1/object/public/profile-images/ac4efca2-1fe1-49b3-9d5e-6ac3d8bf3459/profile.jpeg', '2025-01-26 12:46:11.205316+00', '2025-09-10 21:55:12.247+00', true, NULL, '2026-01-06 08:33:25.643754+00', 'supabase', NULL, 8, 18, NULL, 1);
INSERT INTO public.profiles (id, first_name, last_name, email, stage, avatar_url, created_at, updated_at, is_admin, clerk_user_id, last_login_at, auth_provider, bio, working_hours_start, working_hours_end, timezone, week_starts_on) VALUES ('d07ae8b1-f711-4f5c-bef7-ed562987d38d', 'Rishi', 'Rais', 'rishirais24@gmail.com', 'Trainee', NULL, '2025-09-01 10:21:46.702614+00', '2025-09-01 10:21:46.702614+00', true, NULL, '2026-01-02 07:11:38.141381+00', 'supabase', NULL, 8, 18, NULL, 1);
INSERT INTO public.profiles (id, first_name, last_name, email, stage, avatar_url, created_at, updated_at, is_admin, clerk_user_id, last_login_at, auth_provider, bio, working_hours_start, working_hours_end, timezone, week_starts_on) VALUES ('2b5c8ec1-3b51-4f10-9b53-26fe8dc0da0a', 'Angelo', 'Andria', 'aandrianantenaina@nextaura.com', 'Director', 'https://admin-dev.sixtyseconds.video/media/users/2518/profile/63621870d967c_Avatar.jpg', '2025-04-16 07:07:59.168462+00', '2025-04-16 07:07:59.168462+00', true, NULL, '2026-01-02 11:21:08.364891+00', 'supabase', NULL, 8, 18, NULL, 1);
INSERT INTO public.profiles (id, first_name, last_name, email, stage, avatar_url, created_at, updated_at, is_admin, clerk_user_id, last_login_at, auth_provider, bio, working_hours_start, working_hours_end, timezone, week_starts_on) VALUES ('aed1dd89-116a-4ce8-a0a9-e0cb6a8b3ea0', NULL, NULL, 'playwright.test@gmail.com', 'Trainee', NULL, '2025-09-04 11:01:55.255507+00', '2025-09-04 11:01:55.255507+00', false, NULL, NULL, 'supabase', NULL, 8, 18, NULL, 1);
INSERT INTO public.profiles (id, first_name, last_name, email, stage, avatar_url, created_at, updated_at, is_admin, clerk_user_id, last_login_at, auth_provider, bio, working_hours_start, working_hours_end, timezone, week_starts_on) VALUES ('a3dfd2e5-7882-4158-9610-468edabd9abd', 'test', 'test', 'nickdupreez139@gmail.com', 'Trainee', NULL, '2025-09-10 14:20:14.974431+00', '2025-12-30 19:22:38.230623+00', false, NULL, '2025-06-26 11:45:19.150384+00', 'supabase', NULL, 8, 18, NULL, 1);
INSERT INTO public.profiles (id, first_name, last_name, email, stage, avatar_url, created_at, updated_at, is_admin, clerk_user_id, last_login_at, auth_provider, bio, working_hours_start, working_hours_end, timezone, week_starts_on) VALUES ('b97e158c-62cc-446a-a308-f6074c41ca2f', 'Andrew', 'Brytc', 'andrew+182@sixtyseconds.video', 'Trainee', NULL, '2025-12-12 13:52:40.573892+00', '2025-12-30 19:22:38.230623+00', false, NULL, '2025-12-12 13:52:58.708884+00', 'supabase', NULL, 8, 18, NULL, 1);
INSERT INTO public.profiles (id, first_name, last_name, email, stage, avatar_url, created_at, updated_at, is_admin, clerk_user_id, last_login_at, auth_provider, bio, working_hours_start, working_hours_end, timezone, week_starts_on) VALUES ('984f24b8-923d-40e1-bf99-68cb15d8d2cb', 'Hele', 'Bryce', 'andrew+22@sixtyseconds.video', 'Trainee', NULL, '2025-12-30 15:06:19.373165+00', '2025-12-30 19:22:38.230623+00', false, NULL, NULL, 'supabase', NULL, 8, 18, NULL, 1);
INSERT INTO public.profiles (id, first_name, last_name, email, stage, avatar_url, created_at, updated_at, is_admin, clerk_user_id, last_login_at, auth_provider, bio, working_hours_start, working_hours_end, timezone, week_starts_on) VALUES ('03c0661d-349b-4bcb-b4cc-65f4b912ffcf', 'Andrew', 'Bryce', 'andrew+723@sixtyseconds.video', 'Trainee', NULL, '2025-12-12 14:06:36.584181+00', '2025-12-30 19:22:38.230623+00', false, NULL, '2025-12-12 14:06:50.486151+00', 'supabase', NULL, 8, 18, NULL, 1);
INSERT INTO public.profiles (id, first_name, last_name, email, stage, avatar_url, created_at, updated_at, is_admin, clerk_user_id, last_login_at, auth_provider, bio, working_hours_start, working_hours_end, timezone, week_starts_on) VALUES ('dbde796e-dd83-48a9-90ac-db7f148b9d9c', 'Andrew', 'Bryce', 'andrew.bryce+218@sixtyseconds.video', 'Trainee', NULL, '2025-12-12 15:54:16.77774+00', '2025-12-30 19:22:38.230623+00', false, NULL, NULL, 'supabase', NULL, 8, 18, NULL, 1);
INSERT INTO public.profiles (id, first_name, last_name, email, stage, avatar_url, created_at, updated_at, is_admin, clerk_user_id, last_login_at, auth_provider, bio, working_hours_start, working_hours_end, timezone, week_starts_on) VALUES ('f1929f83-b89a-4817-a753-cb4ffe9c34bb', 'Andrew', 'Bryce', 'andrew+123492@sixtyseconds.video', 'Trainee', NULL, '2025-12-12 21:06:31.113207+00', '2025-12-30 19:22:38.230623+00', false, NULL, NULL, 'supabase', NULL, 8, 18, NULL, 1);
INSERT INTO public.profiles (id, first_name, last_name, email, stage, avatar_url, created_at, updated_at, is_admin, clerk_user_id, last_login_at, auth_provider, bio, working_hours_start, working_hours_end, timezone, week_starts_on) VALUES ('9598791f-06df-4ad8-8f5f-0933cf3772ef', 'Andrew', 'Bryce', 'andrew+1213@sixtyseconds.video', 'Trainee', NULL, '2025-12-12 13:31:03.05889+00', '2025-12-30 19:22:38.230623+00', false, NULL, NULL, 'supabase', NULL, 8, 18, NULL, 1);
INSERT INTO public.profiles (id, first_name, last_name, email, stage, avatar_url, created_at, updated_at, is_admin, clerk_user_id, last_login_at, auth_provider, bio, working_hours_start, working_hours_end, timezone, week_starts_on) VALUES ('c80fdcc3-29af-4f1e-84ba-a592d04364f3', 'Andrew', 'Bryce', 'andrew.bryce+872634@sixtyseconds.video', 'Trainee', NULL, '2025-12-16 12:42:28.584542+00', '2025-12-30 19:22:38.230623+00', false, NULL, NULL, 'supabase', NULL, 8, 18, NULL, 1);
INSERT INTO public.profiles (id, first_name, last_name, email, stage, avatar_url, created_at, updated_at, is_admin, clerk_user_id, last_login_at, auth_provider, bio, working_hours_start, working_hours_end, timezone, week_starts_on) VALUES ('5eaee118-0b6d-4639-914e-381b89c53298', 'M', 'P', 'test@agta.com', 'Trainee', NULL, '2025-12-18 12:13:21.412615+00', '2025-12-30 19:22:38.230623+00', false, NULL, NULL, 'supabase', NULL, 8, 18, NULL, 1);
INSERT INTO public.profiles (id, first_name, last_name, email, stage, avatar_url, created_at, updated_at, is_admin, clerk_user_id, last_login_at, auth_provider, bio, working_hours_start, working_hours_end, timezone, week_starts_on) VALUES ('a3829377-36d8-4f40-bcc0-ec9894ff76fe', 'Andrew', 'Bryce', 'andrew+23765@sixtyseconds.video', 'Trainee', NULL, '2025-12-16 12:43:07.472474+00', '2025-12-30 19:22:38.230623+00', false, NULL, NULL, 'supabase', NULL, 8, 18, NULL, 1);
INSERT INTO public.profiles (id, first_name, last_name, email, stage, avatar_url, created_at, updated_at, is_admin, clerk_user_id, last_login_at, auth_provider, bio, working_hours_start, working_hours_end, timezone, week_starts_on) VALUES ('d7bd54a0-a3c4-4275-8bf8-b09d850414db', 'gfd', 'hgf', 'drue+10@sixtyseconds.video', 'Trainee', NULL, '2025-12-18 12:26:33.478596+00', '2025-12-30 19:22:38.230623+00', false, NULL, '2025-12-18 12:27:06.71811+00', 'supabase', NULL, 8, 18, NULL, 1);
INSERT INTO public.profiles (id, first_name, last_name, email, stage, avatar_url, created_at, updated_at, is_admin, clerk_user_id, last_login_at, auth_provider, bio, working_hours_start, working_hours_end, timezone, week_starts_on) VALUES ('55ee620c-b7bd-40f0-aaa5-d96bc61b0236', 'Drue', 'S', 'drue@sixtyseconds.video', 'Trainee', NULL, '2025-12-12 09:49:48.125305+00', '2025-12-30 19:22:38.230623+00', true, NULL, '2025-12-18 11:33:32.90551+00', 'supabase', NULL, 8, 18, NULL, 1);
INSERT INTO public.profiles (id, first_name, last_name, email, stage, avatar_url, created_at, updated_at, is_admin, clerk_user_id, last_login_at, auth_provider, bio, working_hours_start, working_hours_end, timezone, week_starts_on) VALUES ('49058ad3-95fd-4335-bf0e-dceff64d8226', 'M', 'Test', 'maxtest@a.com', 'Trainee', NULL, '2025-12-18 12:18:12.499582+00', '2025-12-30 19:22:38.230623+00', false, NULL, NULL, 'supabase', NULL, 8, 18, NULL, 1);
INSERT INTO public.profiles (id, first_name, last_name, email, stage, avatar_url, created_at, updated_at, is_admin, clerk_user_id, last_login_at, auth_provider, bio, working_hours_start, working_hours_end, timezone, week_starts_on) VALUES ('acf9cc34-ccad-4363-be67-8e381a912669', 'Max', 'Parish', 'max.parish@sixtyseconds.video', 'Trainee', NULL, '2025-12-15 14:20:29.580386+00', '2025-12-30 19:22:38.230623+00', true, NULL, '2025-12-30 16:58:03.018115+00', 'supabase', NULL, 8, 18, NULL, 1);
INSERT INTO public.profiles (id, first_name, last_name, email, stage, avatar_url, created_at, updated_at, is_admin, clerk_user_id, last_login_at, auth_provider, bio, working_hours_start, working_hours_end, timezone, week_starts_on) VALUES ('0069cfdb-dd87-4ea2-93d5-fd87dba36885', 'Nick', NULL, 'nick@sixtyseconds.video', 'Junior', NULL, '2025-05-02 08:54:45.183427+00', '2025-12-30 19:22:38.230623+00', false, NULL, '2025-05-02 09:08:17.329384+00', 'supabase', NULL, 8, 18, NULL, 1);
INSERT INTO public.profiles (id, first_name, last_name, email, stage, avatar_url, created_at, updated_at, is_admin, clerk_user_id, last_login_at, auth_provider, bio, working_hours_start, working_hours_end, timezone, week_starts_on) VALUES ('a7cb530f-36a7-4534-a7a1-3f424ff91bb9', 'User', NULL, 'admin@salesdemo.com', 'Trainee', NULL, '2025-09-10 14:20:16.625979+00', '2025-12-30 19:22:38.230623+00', false, NULL, '2025-03-04 23:40:50.312539+00', 'supabase', NULL, 8, 18, NULL, 1);
INSERT INTO public.profiles (id, first_name, last_name, email, stage, avatar_url, created_at, updated_at, is_admin, clerk_user_id, last_login_at, auth_provider, bio, working_hours_start, working_hours_end, timezone, week_starts_on) VALUES ('4105544a-5b1b-4811-8723-d436bb39f9ec', 'User', NULL, 'nicholasdp@live.co.uk', 'Trainee', NULL, '2025-09-10 14:20:14.611879+00', '2025-12-30 19:22:38.230623+00', false, NULL, '2025-06-26 12:02:13.329449+00', 'supabase', NULL, 8, 18, NULL, 1);
INSERT INTO public.profiles (id, first_name, last_name, email, stage, avatar_url, created_at, updated_at, is_admin, clerk_user_id, last_login_at, auth_provider, bio, working_hours_start, working_hours_end, timezone, week_starts_on) VALUES ('f3bcb17b-9ed9-4a54-a753-cbba7fe923cc', NULL, NULL, 'test-full-signup@example.com', 'Trainee', NULL, '2025-12-08 18:43:04.557229+00', '2025-12-30 19:22:38.230623+00', false, NULL, '2025-12-08 18:43:04.57162+00', 'supabase', NULL, 8, 18, NULL, 1);
INSERT INTO public.profiles (id, first_name, last_name, email, stage, avatar_url, created_at, updated_at, is_admin, clerk_user_id, last_login_at, auth_provider, bio, working_hours_start, working_hours_end, timezone, week_starts_on) VALUES ('2649e754-a6c2-4894-8068-08c7739a5f26', NULL, NULL, 'test-auth-1765546525@sixtyseconds.ai', 'Trainee', NULL, '2025-12-12 13:35:26.127315+00', '2025-12-30 19:22:38.230623+00', false, NULL, NULL, 'supabase', NULL, 8, 18, NULL, 1);
INSERT INTO public.profiles (id, first_name, last_name, email, stage, avatar_url, created_at, updated_at, is_admin, clerk_user_id, last_login_at, auth_provider, bio, working_hours_start, working_hours_end, timezone, week_starts_on) VALUES ('2d35fe13-2a5c-485c-83b3-bcb24c540b26', NULL, NULL, 'sandra.anderson958@digitalocean.com', 'Trainee', NULL, '2025-12-17 14:59:14.855817+00', '2025-12-30 19:22:38.230623+00', false, NULL, NULL, 'supabase', NULL, 8, 18, NULL, 1);
INSERT INTO public.profiles (id, first_name, last_name, email, stage, avatar_url, created_at, updated_at, is_admin, clerk_user_id, last_login_at, auth_provider, bio, working_hours_start, working_hours_end, timezone, week_starts_on) VALUES ('d382dc2d-999e-4d5c-bd4e-e218138eef31', NULL, NULL, 'steven.hall1@example1.com', 'Trainee', NULL, '2025-12-17 14:52:08.96233+00', '2025-12-30 19:22:38.230623+00', false, NULL, NULL, 'supabase', NULL, 8, 18, NULL, 1);
INSERT INTO public.profiles (id, first_name, last_name, email, stage, avatar_url, created_at, updated_at, is_admin, clerk_user_id, last_login_at, auth_provider, bio, working_hours_start, working_hours_end, timezone, week_starts_on) VALUES ('52c7a1c1-3ad3-41de-8ab5-ccdf0c940937', 'Andrew', 'Bryce', 'app+1@sixtyseconds.video', 'Trainee', NULL, '2025-12-30 20:03:06.619837+00', '2025-12-30 20:03:06.619837+00', false, NULL, '2025-12-30 20:03:15.457588+00', 'supabase', NULL, 8, 18, NULL, 1);
INSERT INTO public.profiles (id, first_name, last_name, email, stage, avatar_url, created_at, updated_at, is_admin, clerk_user_id, last_login_at, auth_provider, bio, working_hours_start, working_hours_end, timezone, week_starts_on) VALUES ('e783d627-bbc6-4fac-b7d0-3913cb45b4b8', 'Phil', NULL, 'phil@sixtyseconds.video', 'Director', NULL, '2025-04-29 11:17:00.786753+00', '2025-12-30 19:22:38.230623+00', true, NULL, '2026-01-05 09:07:57.717427+00', 'supabase', NULL, 8, 18, NULL, 1);


--
-- PostgreSQL database dump complete
--

\unrestrict dIpaT0DNGIBqUkPQsC2W6omD1ZfUmfs3ZEpXcRBbez7kgQgfWmhjMjb6OosCard

